Product Name,Actual price,Discount price,Stars,Rating,Reviews,RAM (GB),Storage (GB),Display Size (inch),Camera,Brand
"Apple iPhone 15 (Green, 128 GB)",79600,65999,4.6,44793,"2,402",,128.0,6.1,48MP + 12MP,APPLE
"Apple iPhone 15 (Blue, 128 GB)",79600,65999,4.6,44793,"2,402",,128.0,6.1,48MP + 12MP,APPLE
"Apple iPhone 15 (Black, 128 GB)",79600,65999,4.6,44793,"2,402",,128.0,6.1,48MP + 12MP,APPLE
"OnePlus N20 SE (JADE WAVE, 128 GB)",19999,11489,4.0,1005,41,4.0,128.0,6.56,50MP ,ONEPLUS
"OnePlus N20 SE (BLUE OASIS, 64 GB)",16999,12999,4.0,1005,41,4.0,64.0,6.56,50MP ,ONEPLUS
"OnePlus 12R (Cool Blue, 128 GB)",39999,38989,4.5,4278,292,8.0,128.0,6.78,50MP ,ONEPLUS
"SAMSUNG Galaxy F14 5G (GOAT Green, 128 GB)",17490,10990,4.2,45538,"2,989",4.0,128.0,6.6,50MP + 2MP,SAMSUNG
"CMF by Nothing Phone 1 (Blue, 128 GB)",19999,15999,4.4,8057,701,6.0,128.0,6.67,50MP + 2MP,CMF
"CMF by Nothing Phone 1 (Blue, 128 GB)",21999,17999,4.3,2355,181,8.0,128.0,6.67,50MP + 2MP,CMF
"vivo Y200e 5G (Black Diamond, 128 GB)",25999,20999,4.3,687,36,8.0,128.0,6.67,50MP + 2MP,VIVO
"vivo Y200e 5G (Black Diamond, 128 GB)",23999,19999,4.2,267,13,6.0,128.0,6.67,50MP + 2MP,VIVO
"OPPO F25 Pro 5G (Ocean Blue, 128 GB)",28999,23999,4.3,3629,299,8.0,128.0,6.7,64MP + 8MP,OPPO
"Motorola G85 5G (Urban Grey, 128 GB)",20999,17999,4.5,9300,537,8.0,128.0,6.67,50MP + 8MP,MOTOROLA
"Motorola g04s (Satin Blue, 64 GB)",9999,6999,4.2,9349,517,4.0,64.0,6.6,50MP ,MOTOROLA
"Motorola g64 5G (Ice Lilac, 256 GB)",19999,16999,4.2,12943,784,12.0,256.0,6.5,8MP | 16MP  ,MOTOROLA
"MOTOROLA G04 (Sunrise Orange, 64 GB)",9999,6999,4.2,13911,894,4.0,64.0,6.6,16MP ,MOTOROLA
"Nothing Phone (2a) 5G (Blue, 128 GB)",25999,23999,4.4,40281,"4,089",8.0,128.0,6.7,50MP | 32MP  ,NOTHING PHONE
"Nothing Phone (2a) 5G (Blue, 256 GB)",27999,25999,4.4,40281,"4,089",8.0,256.0,6.7,50MP | 32MP  ,NOTHING PHONE
"OnePlus 12 (Silky Black, 512 GB)",69999,59629,4.6,881,80,16.0,512.0,6.82,64MP ,ONEPLUS
"itel it5027 6.1cm Screen,1200mAh Battery Wireless FM Radio with Recording,KingVoice",1499,1177,3.8,466,30,0.004,0.004,2.4,3MP + 0MP,ITEL
"realme 12 Pro+ 5G (Navigator Beige, 256 GB)",37999,33999,4.4,5815,643,12.0,256.0,6.7,50MP + 8MP,REALME
"realme 12 Pro+ 5G (Navigator Beige, 256 GB)",35999,31999,4.4,17356,"2,216",8.0,256.0,6.7,50MP + 8MP,REALME
Nokia 105,1699,1399,3.4,753,37,0.032,0.032,1.77,0MP | 0MP  ,NOKIA
"Infinix SMART 8 HD (Shiny Gold, 64 GB)",7999,6699,4.3,33838,"2,357",3.0,64.0,6.6,,INFINIX
"Infinix SMART 8 HD (Shiny Gold, 64 GB)",8999,6999,4.3,810,30,4.0,64.0,6.6,,INFINIX
"Apple iPhone 15 Plus (Yellow, 128 GB)",89600,73999,4.6,7658,637,,128.0,6.7,48MP + 12MP,APPLE
"Tecno Spark Go 2023 (Orange, 64 GB)",9999,7299,4.1,380,13,4.0,64.0,6.56,13MP ,TECNO
"OnePlus 11R 5G (Galactic Silver, 128 GB)",39999,30469,4.5,8230,623,8.0,128.0,6.7,50MP ,ONEPLUS
"Google Pixel 7 (Obsidian, 128 GB)",59999,37999,4.3,15052,"1,784",8.0,128.0,6.3,50MP + 12MP,GOOGLE
"itel A70 | 5000 mAh Battery |13MP Dual  | Type C Charging (Field Green, 64 GB)",7299,6419,4.2,1356,57,4.0,64.0,6.56,13MP ,ITEL
"OPPO A3 Pro 5G (Moonlight Purple, 256 GB)",22999,19999,4.2,357,17,8.0,256.0,6.67,50MP + 2MP,OPPO
LAVA A3 Vibe DS Keypad Mobile| 1750 mAh Battery|Expandable Storage 32GB,1649,1208,4.1,1536,97,0.004,0.032,1.77,3MP ,LAVA
"realme 13 Pro 5G (Emerald Green, 256 GB)",30999,28999,4.1,54,2,8.0,256.0,6.7,50MP + 8MP,REALME
"realme 13 Pro 5G (Emerald Green, 128 GB)",28999,26999,4.1,54,2,8.0,128.0,6.7,50MP + 8MP,REALME
"realme 13 Pro 5G (Emerald Green, 512 GB)",34999,31999,3.5,4,1,12.0,512.0,6.7,50MP + 8MP,REALME
"SAMSUNG Galaxy S24 Ultra 5G (Titanium Black, 256 GB)",134999,129999,4.6,1896,244,12.0,256.0,6.8,200MP + 50MP,SAMSUNG
"IQOO Z9 5G (Graphene Blue, 256 GB)",26999,21994,4.4,1767,91,8.0,256.0,6.67,50MP ,IQOO
"POCO X6 5G (Snowstorm White, 512 GB)",27999,21999,4.3,3602,383,12.0,512.0,6.67,64MP + 8MP,POCO
"POCO X6 5G (Snowstorm White, 256 GB)",24999,18999,4.2,12632,"1,510",8.0,256.0,6.67,64MP + 8MP,POCO
"POCO X6 5G (Snowstorm White, 256 GB)",26999,20999,4.3,3602,383,12.0,256.0,6.67,64MP + 8MP,POCO
"realme P1 5G (Phoenix Red, 128 GB)",20999,15999,4.3,22564,"1,429",6.0,128.0,6.67,50MP + 2MP,REALME
"realme P1 5G (Phoenix Red, 128 GB)",21999,16999,4.3,11376,641,8.0,128.0,6.67,50MP + 2MP,REALME
"POCO F6 5G (Titanium, 256 GB)",33999,27999,4.2,2043,204,8.0,256.0,6.67,8MP | 20MP  ,POCO
"POCO F6 5G (Titanium, 512 GB)",37999,31999,4.2,1456,155,12.0,512.0,6.67,8MP | 20MP  ,POCO
"Xiaomi 14 CIVI (Cruise Blue, 256 GB)",54999,42999,4.2,570,87,8.0,256.0,6.55,50MP ,XIAOMI
"Xiaomi 14 CIVI (Cruise Blue, 512 GB)",59999,47999,4.3,212,24,12.0,512.0,6.55,50MP ,XIAOMI
"SAMSUNG Galaxy M14 5G (Berry Blue, 128 GB)",17990,11895,4.2,6481,346,4.0,128.0,6.6,50MP + 50MP,SAMSUNG
"SAMSUNG Galaxy M14 5G (Berry Blue, 128 GB)",17990,12888,4.2,6481,346,4.0,128.0,6.6,50MP + 50MP,SAMSUNG
"SAMSUNG Galaxy M14 5G (Berry Blue, 128 GB)",18990,14990,4.2,24580,"1,539",6.0,128.0,6.6,50MP ,SAMSUNG
"itel Aura 05i|Leather Finish|4000 Mah Battery|Type C Charging Support (Meadow Green, 32 GB)",6799,5749,4.0,727,19,2.0,32.0,6.6,3MP | 2MP  ,ITEL
"realme C61 (Marble Black, 128 GB)",10999,8999,4.4,1046,27,6.0,128.0,6.745,32MP ,REALME
"realme C61 (Marble Black, 64 GB)",8999,7699,4.4,380,12,4.0,64.0,6.745,32MP ,REALME
LAVA A1 Josh BOL Keypad Mobile|1000 mAh Battery|Expandable Storage 32GB,1399,960,4.0,7129,323,0.004,0.004,1.77,,LAVA
"Tecno Spark 20C (Magic Skin Green, 128 GB)",10499,7999,4.2,74,3,8.0,128.0,6.6,50MP ,TECNO
"vivo Y200 Pro 5G (Silk Green, 128 GB)",,24999,4.2,102,6,8.0,128.0,6.78,64MP + 2MP,VIVO
"Tecno Spark 20 Pro 5G (Neon Green, 128 GB)",19999,15999,4.1,40,8,8.0,128.0,6.78,108MP ,TECNO
"OPPO F27 Pro+ (Dusk Pink, 256 GB)",34999,29999,4.2,1274,65,8.0,256.0,6.7,64MP + 2MP,OPPO
"OPPO F27 Pro+ (Dusk Pink, 128 GB)",32999,27999,4.2,1274,65,8.0,128.0,6.7,64MP + 2MP,OPPO
"vivo Y28 5G (Glitter Aqua, 128 GB)",21999,16999,4.3,243,15,8.0,128.0,6.56,50MP + 2MP,VIVO
"REDMI Note 13 Pro+ 5G (Fusion Black, 512 GB)",37999,32856,4.2,5823,587,12.0,512.0,6.67,8MP + 2MP,REDMI
"REDMI Note 13 Pro+ 5G (Fusion Black, 256 GB)",33999,30999,4.2,7528,838,8.0,256.0,6.67,8MP + 2MP,REDMI
"REDMI Note 13 Pro+ 5G (Fusion Black, 256 GB)",33999,27118,4.2,7528,838,8.0,256.0,6.67,8MP + 2MP,REDMI
"REDMI Note 13 Pro+ 5G (Fusion Black, 512 GB)",37999,34999,4.2,5823,587,12.0,512.0,6.67,8MP + 2MP,REDMI
"Tecno Spark Go 2024 (Magic Skin Green, 64 GB)",7499,6899,4.3,368,10,3.0,64.0,6.56,13MP ,TECNO
"Tecno Pova 5 Pro 5G (Silver Fantasy, 256 GB)",20999,15999,4.2,2103,113,8.0,256.0,6.78,08MP | 16MP  ,TECNO
"Infinix SMART 8 (Rainbow Blue, 64 GB)",8999,7299,4.3,22640,"1,413",4.0,64.0,6.6,,INFINIX
"Infinix SMART 8 (Rainbow Blue, 128 GB)",10999,7999,4.3,7947,469,8.0,128.0,6.6,,INFINIX
"Nokia 105 Single SIM, Keypad Mobile Phone with Wireless FM Radio",1599,1449,4.1,107686 ,"6,681",0.032,0.032,1.77,,NOKIA
Micromax J3,1549,842,3.9,2283,106,0.032,0.032,1.77,,MICROMAX
"SAMSUNG Galaxy S23 5G (Cream, 128 GB)",89999,48999,4.5,12169,"1,156",8.0,128.0,6.1,50MP + 10MP,SAMSUNG
"SAMSUNG Galaxy S23 5G (Cream, 256 GB)",95999,53999,4.5,12169,"1,156",8.0,256.0,6.1,50MP + 10MP,SAMSUNG
"REDMI 12 5G (Pastel Blue, 128 GB)",17999,12499,4.2,45156,"2,086",6.0,128.0,6.79,50MP + 2MP,REDMI
"REDMI 12 5G (Pastel Blue, 256 GB)",19999,13999,4.2,23796,"1,419",8.0,256.0,6.79,50MP + 2MP,REDMI
"REDMI 12 5G (Pastel Blue, 256 GB)",19999,14900,4.2,23796,"1,419",8.0,256.0,6.79,50MP + 2MP,REDMI
"REDMI 12 5G (Pastel Blue, 128 GB)",17999,13990,4.2,45156,"2,086",6.0,128.0,6.79,50MP + 2MP,REDMI
"REDMI 12 5G (Pastel Blue, 128 GB)",15999,11999,4.3,10515,468,4.0,128.0,6.79,50MP + 2MP,REDMI
"OnePlus Nord CE 3 Lite 5G (Chromatic Gray, 256 GB)",21999,18249,4.4,103027 ,"5,483",8.0,256.0,6.72,108MP ,ONEPLUS
"vivo Y18e (Gem Green, 64 GB)",11999,8649,4.1,442,13,4.0,64.0,6.56,08MP | 5MP  ,VIVO
LAVA Hero Shakti Keypad Mobile|1.8 inch Big Display|Auto Call Recording|Wireless FM,1199,896,4.5,35,1,,32.0,1.8,,LAVA
LAVA Hero Shakti Keypad Mobile|1.8 inch Big Display|Auto Call Recording|Wireless FM,1199,895,4.5,35,1,,32.0,1.8,,LAVA
"vivo Y58 5G (Himalayan Blue, 128 GB)",23999,19499,4.5,44,0,8.0,128.0,6.72,50MP + 2MP,VIVO
"Nokia 106 4G Keypad Mobile, Long-Lasting Battery, MicroSD Card Slot",2999,2632,3.9,2344,163,0.032,0.032,1.77,0MP | 0MP  ,NOKIA
"Infinix HOT 30i (Glacier Blue, 128 GB)",,11999,4.3,152825 ,"8,396",8.0,128.0,6.6,,INFINIX
Vox V16,1649,809,3.6,129,6,0.032,0.032,2.4,3MP ,VOX
"OPPO Reno 12 Pro 5G (Sunset Gold, 256 GB)",53999,36999,4.4,676,51,12.0,256.0,6.7,50MP + 8MP,OPPO
"Infinix HOT 40i (Starlit Black, 256 GB)",10999,8999,4.1,12423,757,8.0,256.0,6.6,,INFINIX
"vivo V30 Pro 5G (Classic Black, 256 GB)",46999,41999,4.5,4179,580,8.0,256.0,6.78,50MP + 50MP,VIVO
"vivo V30 Pro 5G (Classic Black, 512 GB)",51999,46999,4.5,1544,194,12.0,512.0,6.78,50MP + 50MP,VIVO
"realme NARZO N65 5G (DEEP GREEN, 128 GB)",14999,12470,4.3,654,11,6.0,128.0,6.67,50MP ,REALME
"realme C65 5G (Glowing Black, 128 GB)",15999,12499,4.4,5520,176,6.0,128.0,6.67,50MP ,REALME
"POCO X6 Pro 5G (Spectre Black, 256 GB)",30999,23999,4.3,9934,"1,278",8.0,256.0,6.67,64MP + 8MP,POCO
"POCO X6 Pro 5G (Spectre Black, 512 GB)",32999,25999,4.3,8881,"1,147",12.0,512.0,6.67,64MP + 8MP,POCO
"itel A05s (Meadow Green, 64 GB)",6999,6599,4.1,67,3,4.0,64.0,6.56,8MP ,ITEL
"vivo V30e (Silk Blue, 128 GB)",32999,27999,4.4,2858,205,8.0,128.0,6.78,50MP + 8MP,VIVO
"vivo V30e (Silk Blue, 256 GB)",34999,29699,4.4,2858,205,8.0,256.0,6.78,50MP + 8MP,VIVO
Kechaoda K115,1499,1060,4.1,35912,"2,497",0.032,32.0,1.44,3MP + 0MP,KECHAODA
"realme 12x 5G (Twilight Purple, 128 GB)",18999,14999,4.4,5088,227,8.0,128.0,6.72,50MP + 2MP,REALME
"POCO X6 5G (Mirror Black, 256 GB)",24999,18999,4.2,12632,"1,510",8.0,256.0,6.67,64MP + 8MP,POCO
"POCO X6 5G (Mirror Black, 256 GB)",26999,20999,4.3,3602,383,12.0,256.0,6.67,64MP + 8MP,POCO
"OPPO A59 5G (Starry Black, 128 GB)",19999,15499,4.3,2016,103,6.0,128.0,6.56,13MP + 2MP,OPPO
"OPPO A59 5G (Starry Black, 128 GB)",17999,13999,4.3,958,51,4.0,128.0,6.56,13MP + 2MP,OPPO
"SAMSUNG Galaxy S24 Ultra 5G (Titanium Violet, 256 GB)",134999,129999,4.6,1896,244,12.0,256.0,6.8,200MP + 50MP,SAMSUNG
"vivo T3x 5G (Crimson Bliss, 128 GB)",18999,14999,4.5,40532,"1,276",6.0,128.0,6.72,50MP + 2MP,VIVO
"vivo T3x 5G (Crimson Bliss, 128 GB)",17499,13499,4.5,12939,406,4.0,128.0,6.72,50MP + 2MP,VIVO
"vivo T3x 5G (Crimson Bliss, 128 GB)",20499,16499,4.4,9075,425,8.0,128.0,6.72,50MP + 2MP,VIVO
"Motorola G32 (Satin Maroon, 128 GB)",18999,10999,4.2,122316 ,"9,914",8.0,128.0,6.5,50MP + 8MP,MOTOROLA
"realme GT 6T 5G (Fluid Silver, 128 GB)",33999,28630,4.4,586,36,8.0,128.0,6.78,50MP ,REALME
"realme GT 6T 5G (Fluid Silver, 512 GB)",41999,38559,4.5,191,16,12.0,512.0,6.78,50MP ,REALME
"realme GT 6T 5G (Fluid Silver, 256 GB)",37999,33316,4.5,191,16,12.0,256.0,6.78,50MP ,REALME
"SAMSUNG Galaxy A55 5G (Awesome Navy, 256 GB)",,48999,4.3,116,9,12.0,256.0,6.6,50MP + 12MP,SAMSUNG
Kechaoda K9,1999,1165,4.1,3157,277,0.032,0.064,2.4,3MP ,KECHAODA
"REDMI Note 13 Pro+ 5G (Fusion White, 256 GB)",33999,30999,4.2,7528,838,8.0,256.0,6.67,8MP + 2MP,REDMI
"REDMI Note 13 Pro+ 5G (Fusion White, 512 GB)",37999,34999,4.2,5823,587,12.0,512.0,6.67,8MP + 2MP,REDMI
"REDMI Note 13 Pro+ 5G (Fusion White, 256 GB)",35999,32999,4.2,5823,587,12.0,256.0,6.67,8MP + 2MP,REDMI
"SAMSUNG Galaxy M04 (Light Green, 128 GB)",13499,9469,4.1,12308,682,4.0,128.0,6.5,13MP + 2MP,SAMSUNG
"Xiaomi 14 (Black, 512 GB)",79999,69999,4.6,520,87,12.0,512.0,6.36,50MP + 50MP,XIAOMI
"IQOO Neo9 Pro (Conqueror Black, 256 GB)",44999,41999,4.5,292,21,12.0,256.0,6.78,50MP ,IQOO
"OnePlus 12 (Flowy Emerald, 512 GB)",69999,61357,4.6,881,80,16.0,512.0,6.82,64MP ,ONEPLUS
"SAMSUNG Galaxy F34 5G (Electric Black, 128 GB)",25999,14999,4.2,10459,801,8.0,128.0,6.5,8MP + 2MP,SAMSUNG
"Honor 90 5G (Emerald Green, 256 GB)",47999,25950,4.2,497,63,8.0,256.0,6.7,200MP ,HONOR
"SAMSUNG Galaxy A14 5G (Light Green, 64 GB)",18499,11999,4.1,4118,265,4.0,64.0,6.6,50MP + 2MP,SAMSUNG
"SAMSUNG Galaxy A14 5G (Light Green, 128 GB)",20999,13784,4.1,8372,552,6.0,128.0,6.6,50MP + 2MP,SAMSUNG
"SAMSUNG Galaxy A14 5G (Light Green, 128 GB)",22999,16499,4.1,3468,267,8.0,128.0,6.6,50MP + 2MP,SAMSUNG
"vivo Y27 (Sea Blue, 128 GB)",18999,13999,4.2,2280,101,6.0,128.0,6.64,50MP + 2MP,VIVO
itel it5262,1599,1399,3.8,117,2,0.004,0.004,2.4,8MP ,ITEL
LAVA A7 Torch Dual Sim Keypad Phone| 2574 mAh Battery| Expandable Upto 32 GB (Blue),1899,1450,4.2,228,15,0.024,0.032,2.4,3MP ,LAVA
"itel Aura 05i|Leather Finish|4000 Mah Battery|Type C Charging Support (Nebula Black, 32 GB)",6799,5699,4.0,727,19,2.0,32.0,6.6,8MP | 5MP  ,ITEL
"realme Narzo N63 4G (Twilight Purple, 128 GB)",10999,8178,3.9,670,14,4.0,128.0,6.74,50MP ,REALME
"POCO C61 (Ethereal Blue, 64 GB)",8999,6499,4.2,13131,408,4.0,64.0,6.71,8MP ,POCO
"POCO C61 (Ethereal Blue, 128 GB)",9999,8499,4.2,7937,240,6.0,128.0,6.71,8MP ,POCO
"Google Pixel 7a (Snow, 128 GB)",43999,37999,4.1,19849,"2,094",8.0,128.0,6.1,13MP | 13MP  ,GOOGLE
"OnePlus Nord CE4 lite 5G (SUPER SILVER, 256 GB)",23999,21678,4.3,1148,37,8.0,256.0,6.67,50MP ,ONEPLUS
"REDMI 13C (Stardust Black, 128 GB)",11999,7699,4.2,33547,"1,414",4.0,128.0,6.74,50MP ,REDMI
"REDMI 13C (Stardust Black, 128 GB)",13999,8499,4.2,10772,449,6.0,128.0,6.74,50MP ,REDMI
"IQOO Z9X (Storm Grey, 128 GB)",23000,15910,4.4,392,8,8.0,128.0,6.72,50MP ,IQOO
"Infinix Note 40 Pro 5G (Titan Gold, 256 GB)",27999,21999,4.0,8416,633,8.0,256.0,6.78,2MP + 2MP,INFINIX
"SAMSUNG Galaxy Z Fold6 5G (Silver Shadow, 256 GB)",,164999,4.2,22,2,12.0,256.0,7.6,50MP + 12MP,SAMSUNG
"SAMSUNG Galaxy Z Fold6 5G (Silver Shadow, 512 GB)",,176999,4.2,22,2,12.0,512.0,7.6,50MP + 12MP,SAMSUNG
"Apple iPhone 14 Plus (Purple, 512 GB)",109600,86499,4.6,76953,"4,312",,512.0,6.7,12MP + 12MP,APPLE
"OPPO A18 (Glowing Black, 128 GB)",15999,9499,4.3,1445,70,4.0,128.0,6.56,8MP + 2MP,OPPO
"OPPO A18 (Glowing Black, 64 GB)",14999,8999,4.3,1445,70,4.0,64.0,6.56,8MP + 2MP,OPPO
"REDMI 12 5G (Moonstone Silver, 256 GB)",19999,13999,4.2,23796,"1,419",8.0,256.0,6.79,50MP + 2MP,REDMI
"REDMI 12 5G (Moonstone Silver, 128 GB)",15999,11999,4.3,10515,468,4.0,128.0,6.79,50MP + 2MP,REDMI
"vivo V29 5G (Red, 128 GB)",,32999,4.5,9299,"1,032",8.0,128.0,6.78,50MP + 8MP,VIVO
"Tecno Spark 10 (Magic Skin Orange, 128 GB)",13499,9999,4.1,292,18,8.0,128.0,6.6,50MP ,TECNO
I Kall A2,2999,1880,3.8,25,3,0.032,0.032,2.8,3MP ,I KALL
"Nothing Phone (2) (Dark Grey, 256 GB)",54999,36999,4.4,18097,"2,107",12.0,256.0,6.7,50MP | 32MP  ,NOTHING PHONE
"itel A70 (Azure Blue, 256 GB)",10999,7299,4.1,116,3,4.0,256.0,6.0,13MP ,ITEL
"SAMSUNG Galaxy S23 5G (Phantom Black, 128 GB)",89999,48999,4.5,12169,"1,156",8.0,128.0,6.1,50MP + 10MP,SAMSUNG
"SAMSUNG Galaxy S23 5G (Phantom Black, 256 GB)",95999,53999,4.5,12169,"1,156",8.0,256.0,6.1,50MP + 10MP,SAMSUNG
"SAMSUNG Galaxy S24 5G (Onyx Black, 256 GB)",,79999,4.5,1055,135,8.0,256.0,6.2,50MP + 10MP,SAMSUNG
"itel P55 5G |50MP Dual |5000mAh Battery|Expandable Upto 1 TB (Mint Green, 64 GB)",12999,9199,4.2,937,63,4.0,64.0,6.6,50MP ,ITEL
"Tecno Spark 20C (Mystery White, 128 GB)",10499,7999,4.2,74,3,8.0,128.0,6.6,50MP ,TECNO
"OPPO A78 (Mist Black, 128 GB)",22999,15499,4.3,917,57,8.0,128.0,6.43,50MP + 2MP,OPPO
"vivo V29 Pro 5G (Black, 256 GB)",,39999,4.5,5966,905,8.0,256.0,6.78,50MP + 12MP,VIVO
"REDMI 13C (Starshine Green, 128 GB)",11999,7699,4.2,33547,"1,414",4.0,128.0,6.74,50MP ,REDMI
"REDMI 13C (Starshine Green, 128 GB)",13999,8499,4.2,10772,449,6.0,128.0,6.74,50MP ,REDMI
"REDMI Note 13 Pro+ 5G (Fusion Purple, 256 GB)",33999,30999,4.2,7528,838,8.0,256.0,6.67,8MP + 2MP,REDMI
"REDMI Note 13 Pro+ 5G (Fusion Purple, 256 GB)",35999,32999,4.2,5823,587,12.0,256.0,6.67,8MP + 2MP,REDMI
"REDMI Note 13 Pro+ 5G (Fusion Purple, 512 GB)",37999,34999,4.2,5823,587,12.0,512.0,6.67,8MP + 2MP,REDMI
"REDMI Note 13 Pro+ 5G (Fusion Purple, 256 GB)",33999,27259,4.2,7528,838,8.0,256.0,6.67,8MP + 2MP,REDMI
"REDMI Note 13 Pro+ 5G (Fusion Purple, 512 GB)",37999,31988,4.2,5823,587,12.0,512.0,6.67,8MP + 2MP,REDMI
"vivo T2 5G (Nitro Blaze, 128 GB)",24999,17999,4.3,19099,"1,314",8.0,128.0,6.38,2MP | 16MP  ,VIVO
"vivo T2 5G (Nitro Blaze, 128 GB)",23999,15999,4.4,110434 ,"7,172",6.0,128.0,6.38,2MP | 16MP  ,VIVO
"POCO C61  - Locked with Airtel Prepaid (Ethereal Blue, 64 GB)",8999,5999,4.2,13131,408,4.0,64.0,6.71,8MP ,POCO
"realme 12+ 5G (Navigator Beige, 256 GB)",25999,21999,4.3,12174,"1,041",8.0,256.0,6.67,50MP + 8MP,REALME
"realme 12+ 5G (Navigator Beige, 128 GB)",23999,20999,4.3,12174,"1,041",8.0,128.0,6.67,50MP + 8MP,REALME
"itel A70 | 5000 mAh Battery |13MP Dual  | Type C Charging (Brilliant Gold, 64 GB)",7299,6499,4.2,1356,57,4.0,64.0,6.56,13MP ,ITEL
"itel A70 (Briiliant Gold, 256 GB)",10999,7299,4.1,116,3,4.0,256.0,6.6,13MP ,ITEL
"Google Pixel 7 Pro (Obsidian, 128 GB)",84999,45999,4.3,5771,778,12.0,128.0,6.7,50MP + 48MP,GOOGLE
"REDMI 13 5G (Black Diamond, 128 GB)",19999,14687,4.1,45,0,8.0,128.0,6.79,108MP ,REDMI
"LAVA Blaze Pro 5G with Dual Sim|50MP |5000 mAh Battery|Expandable Upto 1TB (Starry Night, 1...",14999,12390,4.2,569,77,8.0,128.0,6.78,50MP ,LAVA
"REDMI 13C (Starfrost White, 128 GB)",11999,7699,4.2,33547,"1,414",4.0,128.0,6.74,50MP ,REDMI
"REDMI 13C (Starfrost White, 128 GB)",13999,8499,4.2,10772,449,6.0,128.0,6.74,50MP ,REDMI
"vivo Y27 (Burgundy Black, 128 GB)",18999,10999,4.2,2280,101,6.0,128.0,6.64,50MP + 2MP,VIVO
LAVA Gem Power Dual Sim Keypad Phone|2575 mAh Battery| Expandable Upto 32 MB,2099,1598,4.1,1426,104,0.004,0.004,2.8,2MP ,LAVA
Kechaoda A26_black,1499,999,4.0,484,17,0.032,16.0,0.66,0MP | 0MP  ,KECHAODA
"realme NARZO N65 5G (AMBER GOLD, 128 GB)",14999,12300,4.3,654,11,6.0,128.0,6.67,50MP ,REALME
"realme NARZO N65 5G (AMBER GOLD, 128 GB)",13999,11298,4.4,140,3,4.0,128.0,6.67,50MP ,REALME
I Kall K29-Pro 4G Phone,2599,1169,3.7,381,27,0.048,0.048,2.4,3MP ,I KALL
"LAVA O2 (Majestic Purple, 128 GB)",9999,8299,4.1,77,2,8.0,128.0,6.5,50MP ,LAVA
itel ACE 2,1199,899,3.8,26,1,0.004,32.0,1.8,3MP + 0MP,ITEL
"REDMI Note 13 Pro 5G (Coral Purple, 256 GB)",32999,27999,4.2,2572,228,12.0,256.0,6.67,8MP + 2MP,REDMI
"REDMI Note 13 Pro 5G (Coral Purple, 256 GB)",32999,22999,4.2,2572,228,12.0,256.0,6.67,8MP + 2MP,REDMI
"REDMI Note 13 Pro 5G (Coral Purple, 256 GB)",32999,25168,4.2,2572,228,12.0,256.0,6.67,8MP + 2MP,REDMI
"REDMI Note 13 Pro 5G (Coral Purple, 128 GB)",28999,24999,4.3,17216,"1,527",8.0,128.0,6.67,8MP + 2MP,REDMI
"REDMI Note 13 Pro 5G (Coral Purple, 256 GB)",30999,24990,4.3,17216,"1,527",8.0,256.0,6.67,8MP + 2MP,REDMI
"LAVA Blaze 2 5G with Dual Sim|50MP |5000 mAh Battery|Expandable Upto 1 TB (Glass Blue, 128 ...",12499,10890,4.2,571,56,6.0,128.0,6.56,50MP ,LAVA
"LAVA Blaze 2 5G with Dual Sim|50MP |5000 mAh Battery|Expandable Upto 1 TB (Glass Blue, 128 ...",12499,10980,4.2,571,56,6.0,128.0,6.56,50MP ,LAVA
"SAMSUNG galaxy M15 5G (Celestrial Blue, 128 GB)",16999,13998,4.2,597,28,6.0,128.0,6.5,50MP ,SAMSUNG
"OnePlus 12 (Flowy Emerald, 256 GB)",64999,56490,4.6,755,46,12.0,256.0,6.82,64MP ,ONEPLUS
"Xiaomi 14 CIVI (Panda White, 512 GB)",59999,48999,4.3,212,24,12.0,512.0,6.55,50MP ,XIAOMI
"Nokia C32 (Beach Pink, 128 GB)",10999,7999,3.8,1341,115,4.0,128.0,6.517,50MP ,NOKIA
"Motorola Edge 40 Neo (Caneel Bay, 128 GB)",27999,22999,4.3,54292,"5,738",8.0,128.0,6.55,50MP + 13MP,MOTOROLA
"realme Narzo N65 5G (Amber Gold, 128 GB)",14999,12052,4.3,654,11,6.0,128.0,6.67,50MP ,REALME
"LAVA O2 (Royal Gold, 128 GB)",11999,8489,4.1,77,2,8.0,128.0,6.5,50MP ,LAVA
"SAMSUNG Galaxy A15 5G (Light Blue, 128 GB)",21499,19097,4.2,1341,90,8.0,128.0,6.5,50MP + 5MP,SAMSUNG
"SAMSUNG Galaxy A15 5G (Light Blue, 128 GB)",19999,17489,4.3,109,5,6.0,128.0,6.5,50MP + 5MP,SAMSUNG
LAVA A3 Vibe,1399,1199,4.2,29747,"2,911",0.004,0.003,1.77,3MP ,LAVA
"POCO F6 5G (Titanium, 256 GB)",35999,29999,4.2,1456,155,12.0,256.0,6.67,8MP | 20MP  ,POCO
"vivo V30e (Velvet Red, 128 GB)",32999,27999,4.4,2858,205,8.0,128.0,6.78,50MP + 8MP,VIVO
"vivo V30e (Velvet Red, 256 GB)",34999,29999,4.4,2858,205,8.0,256.0,6.78,50MP + 8MP,VIVO
"POCO M6 Pro 5G (Forest Green, 128 GB)",15999,11999,4.3,77158,"5,008",4.0,128.0,6.79,50MP + 2MP,POCO
"POCO M6 Pro 5G (Forest Green, 128 GB)",16999,12999,4.2,119757 ,"7,369",6.0,128.0,6.79,50MP + 2MP,POCO
"Google Pixel 8a (Porcelain, 128 GB)",,52999,4.1,866,102,8.0,128.0,6.1,64MP + 13MP,GOOGLE
"Tecno Spark 10 Pro (Lunar Eclipse, 128 GB)",13999,8999,4.3,640,23,8.0,128.0,6.68,50MP ,TECNO
KARBONN K110i Dual Sim Keypad Phone|1000 mAh Battery|Expandable Storage Up to 32GB,1240,880,3.6,652,52,,,1.8,,KARBONN
"REDMI A3 (Lake Blue, 128 GB)",10999,8000,4.1,973,39,4.0,128.0,6.71,8MP ,REDMI
"REDMI A3 (Lake Blue, 64 GB)",9999,6999,4.1,2254,94,3.0,64.0,6.71,8MP ,REDMI
"REDMI A3 (Lake Blue, 128 GB)",11999,8559,4.0,606,35,6.0,128.0,6.71,8MP ,REDMI
"realme Narzo N53 (Feather Gold, 128 GB)",13999,10988,4.2,1850,93,8.0,128.0,6.74,50MP ,REALME
"vivo Y28 5G (Crystal Purple, 128 GB)",19999,15499,4.3,653,28,6.0,128.0,6.56,50MP + 2MP,VIVO
"vivo Y28 5G (Crystal Purple, 128 GB)",21999,16999,4.3,243,15,8.0,128.0,6.56,50MP + 2MP,VIVO
"vivo Y28 5G (Crystal Purple, 128 GB)",17999,13999,4.2,406,12,4.0,128.0,6.56,50MP + 2MP,VIVO
"IQOO Z7 Pro 5G (Blue Lagoon, 256 GB)",27999,23999,4.4,5576,342,8.0,256.0,6.78,64MP + 2MP,IQOO
"IQOO Z7 Pro 5G (Blue Lagoon, 128 GB)",26999,22999,4.4,5576,342,8.0,128.0,6.78,64MP + 2MP,IQOO
"realme 13 Pro+ 5G (Monet Gold, 256 GB)",36999,32999,4.5,115,13,8.0,256.0,6.7,50MP + 8MP,REALME
"realme 13 Pro+ 5G (Monet Gold, 512 GB)",40999,36999,4.3,64,7,12.0,512.0,6.7,50MP + 8MP,REALME
"vivo T2 5G (Velocity Wave, 128 GB)",24999,17999,4.3,19099,"1,314",8.0,128.0,6.38,2MP | 16MP  ,VIVO
LAVA Hero Shakti Keypad Mobile|1.8 inch Big Display|Auto Call Recording|Wireless FM,1199,898,4.5,35,1,,32.0,1.8,,LAVA
"realme NARZO 70 5G (ICE BLUE, 128 GB)",20999,15807,4.2,406,19,8.0,128.0,6.67,50MP ,REALME
"realme NARZO 70X 5G (Forest Green, 128 GB)",18999,14500,4.2,171,10,8.0,128.0,6.72,50MP ,REALME
"realme Narzo N65 5G (Deep Green, 128 GB)",14999,12132,4.3,654,11,6.0,128.0,6.67,50MP ,REALME
"OPPO Reno 12 Pro 5G (Space Brown, 256 GB)",53999,36999,4.4,676,51,12.0,256.0,6.7,50MP + 8MP,OPPO
"IQOO Z9 Lite 5G (?Aqua Flow, 128 GB)",14499,11065,4.7,7,0,4.0,128.0,6.56,50MP ,IQOO
"Apple iPhone 14 ((PRODUCT)RED, 128 GB)",69600,59999,4.6,299906 ,"11,619",,128.0,6.1,12MP + 12MP,APPLE
"itel P55 (Aurora Blue, 128 GB)",9999,7629,4.1,106,6,8.0,128.0,6.56,50MP ,ITEL
"itel P55 (Aurora Blue, 128 GB)",9999,7846,4.1,106,6,8.0,128.0,6.56,50MP ,ITEL
"IQOO Z9x (Storm Grey, 128 GB)",17999,13200,4.1,348,11,4.0,128.0,6.72,50MP ,IQOO
"OnePlus 12R (Cool Blue, 256 GB)",45999,42340,4.5,2223,142,16.0,256.0,6.78,50MP ,ONEPLUS
"IQOO Z9 Lite 5G (Aqua Flow, 128 GB)",15499,12144,4.1,10,0,6.0,128.0,6.56,50MP ,IQOO
"Motorola Edge 50 Ultra 5G (Forest Grey, 512 GB)",64999,54999,4.3,810,91,12.0,512.0,6.7,50MP + 50MP,MOTOROLA
"SAMSUNG Galaxy S23 FE (Purple, 128 GB)",79999,39999,4.3,11290,757,8.0,128.0,6.4,50MP + 12MP,SAMSUNG
"SAMSUNG Galaxy F15 5G (Groovy Violet, 128 GB)",16999,14499,4.2,20822,"1,736",6.0,128.0,6.5,50MP + 5MP,SAMSUNG
"SAMSUNG Galaxy F15 5G (Groovy Violet, 128 GB)",15999,12999,4.2,8156,700,4.0,128.0,6.5,50MP + 5MP,SAMSUNG
"SAMSUNG Galaxy F15 5G (Groovy Violet, 128 GB)",17999,15999,4.2,2701,118,8.0,128.0,6.5,50MP + 5MP,SAMSUNG
"OnePlus 12 (Glacial White, 256 GB)",64999,57761,4.6,755,46,12.0,256.0,6.82,50MP ,ONEPLUS
"SAMSUNG Galaxy F14 5G (OMG Black, 128 GB)",18490,11990,4.2,118934 ,"8,467",6.0,128.0,6.6,50MP + 2MP,SAMSUNG
"realme Narzo N53 (Feather Black, 128 GB)",13999,10999,4.2,1850,93,8.0,128.0,6.74,50MP ,REALME
"POCO X6 Pro 5G (Racing Grey, 512 GB)",32999,25999,4.3,8881,"1,147",12.0,512.0,6.67,64MP + 8MP,POCO
"LAVA Blaze 2 5G with Dual Sim|50MP |5000 mAh Battery|Expandable Upto 1 TB (Glass Lavender, ...",12499,11450,4.2,571,56,6.0,128.0,6.56,50MP ,LAVA
Kechaoda K112,1799,1503,4.0,26939,"2,605",0.032,0.064,2.4,3MP ,KECHAODA
"Infinix HOT 40i (Horizon Gold, 256 GB)",10999,8999,4.1,12423,757,8.0,256.0,6.6,,INFINIX
"Nothing Phone (2a) 5G (White, 256 GB)",29999,27999,4.4,6135,616,12.0,256.0,6.7,50MP | 32MP  ,NOTHING PHONE
"Nothing Phone (2a) 5G (White, 256 GB)",27999,25999,4.4,40281,"4,089",8.0,256.0,6.7,50MP | 32MP  ,NOTHING PHONE
"Nothing Phone (2a) 5G (White, 128 GB)",25999,23999,4.4,40281,"4,089",8.0,128.0,6.7,50MP | 32MP  ,NOTHING PHONE
"LAVA O2 (Imperial Green, 128 GB)",9999,8299,4.1,77,2,8.0,128.0,6.5,50MP ,LAVA
"SAMSUNG Galaxy S24 5G (Amber Yellow, 256 GB)",,79999,4.5,1055,135,8.0,256.0,6.2,50MP + 10MP,SAMSUNG
"Infinix GT 20 Pro (Mecha Blue, 256 GB)",34999,25999,4.2,2127,143,12.0,256.0,6.78,2MP + 2MP,INFINIX
"OnePlus 12R (Iron Gray, 128 GB)",,39999,4.5,4278,292,8.0,128.0,6.78,50MP ,ONEPLUS
"OnePlus 12R (Iron Grey, 256 GB)",45999,43270,4.5,2223,142,16.0,256.0,6.78,50MP ,ONEPLUS
itel it5330 | 2.8 inch Big Display | 1900 mAh Battery | Kingvoice,1799,1449,4.0,2346,124,0.032,0.032,2.8,8MP + 0MP,ITEL
"POCO X6 Neo 5G (Astral Black, 128 GB)",19999,14999,4.2,9153,776,8.0,128.0,6.67,108MP + 2MP,POCO
"POCO X6 Neo 5G (Astral Black, 256 GB)",21999,15999,4.1,6195,405,12.0,256.0,6.67,108MP + 2MP,POCO
"Nokia 150 Dual Sim Keypad Phone, , Long Lasting Battery Life and FM Radio",,3199,3.7,1027,69,0.004,0.004,2.4,3MP ,NOKIA
"Nokia 150 Dual Sim Keypad Phone, , Long Lasting Battery Life and FM Radio",,3199,3.7,1036,69,0.004,0.004,2.4,3MP ,NOKIA
"Infinix SMART 8 HD (Crystal Green, 64 GB)",7999,6699,4.3,33838,"2,357",3.0,64.0,6.6,,INFINIX
"Infinix SMART 8 HD (Crystal Green, 64 GB)",8999,6999,4.3,810,30,4.0,64.0,6.6,,INFINIX
"SAMSUNG Galaxy S23 Ultra 5G (Cream, 256 GB)",149999,124999,4.6,3643,365,12.0,256.0,6.8,200MP + 10MP,SAMSUNG
"Nokia C32 (Breezy Mint, 128 GB)",10999,7999,3.8,1341,115,4.0,128.0,6.517,50MP ,NOKIA
"Tecno POVA 5 Pro 5G (Dark Illusion, 256 GB)",20999,15999,4.2,2103,113,8.0,256.0,6.78,08MP | 16MP  ,TECNO
"OPPO Reno 12 Pro 5G (Space Brown, 512 GB)",55999,40999,4.4,676,51,12.0,512.0,6.7,50MP + 8MP,OPPO
"SAMSUNG Galaxy F15 5G (Jazzy Green, 128 GB)",16999,14499,4.2,20822,"1,736",6.0,128.0,6.5,50MP + 5MP,SAMSUNG
"realme 13 Pro 5G (Monet Gold, 128 GB)",28999,26999,4.1,54,2,8.0,128.0,6.7,50MP + 8MP,REALME
"realme 13 Pro 5G (Monet Gold, 256 GB)",30999,28999,4.1,54,2,8.0,256.0,6.7,50MP + 8MP,REALME
"realme 13 Pro 5G (Monet Gold, 512 GB)",34999,31999,3.5,4,1,12.0,512.0,6.7,50MP + 8MP,REALME
"REDMI Note 13 Pro 5G (Scarlet Red, 128 GB)",28999,24999,4.3,17216,"1,527",8.0,128.0,6.67,8MP + 2MP,REDMI
itel it2175 Pro | 2 inch Big Display | 1200 mAh Battery | Kingvoice,1499,1069,4.1,304,9,0.004,0.004,2.0,8MP + 0MP,ITEL
"REDMI 12C (Matte Black, 64 GB)",13999,7999,4.2,26524,"1,446",4.0,64.0,6.71,50MP ,REDMI
Motorola a10,1630,1399,4.2,8171,833,,,1.8,,MOTOROLA
"Tecno Pova 6 Pro (Meteorite Grey, 256 GB)",24999,21999,4.2,132,5,12.0,256.0,6.78,108MP ,TECNO
"Nokia 105 Single SIM, Keypad Mobile Phone with Wireless FM Radio",1599,1299,4.1,107686 ,"6,681",0.032,0.032,1.77,,NOKIA
"Nokia 5310 DS Keypad Mobile, FM Radio,Camera with Flash (8MB RAM)",3999,3649,4.1,10998,768,0.008,0.016,2.4,3MP ,NOKIA
"Xiaomi 14 (White, 512 GB)",79999,69999,4.6,520,87,12.0,512.0,6.36,50MP + 50MP,XIAOMI
"REDMI 13C (Starshine Green, 128 GB)",11999,8929,4.2,33547,"1,414",4.0,128.0,6.74,50MP ,REDMI
"SAMSUNG Galaxy A14 5G (Black, 128 GB)",22999,16499,4.1,3468,267,8.0,128.0,6.6,50MP + 2MP,SAMSUNG
"SAMSUNG Galaxy A14 5G (Black, 64 GB)",18499,11999,4.1,4118,265,4.0,64.0,6.6,50MP + 2MP,SAMSUNG
"SAMSUNG Galaxy M34 5G without charger (Midnight Blue, 128 GB)",25990,17299,4.2,929,80,8.0,128.0,6.5,50MP ,SAMSUNG
"realme narzo 70 5G (Forest Green, 128 GB)",19999,15402,4.3,399,25,6.0,128.0,6.67,50MP ,REALME
"realme narzo 70 5G (Forest Green, 128 GB)",19999,14980,4.3,399,25,6.0,128.0,6.67,50MP ,REALME
"Motorola Edge 40 Neo (Black Beauty, 128 GB)",27999,22999,4.3,54292,"5,738",8.0,128.0,6.55,50MP + 13MP,MOTOROLA
"POCO X6 Neo 5G (Horizon Blue, 256 GB)",21999,15999,4.1,6195,405,12.0,256.0,6.67,108MP + 2MP,POCO
"Infinix Note 40 Pro+ 5G (Vintage Green, 256 GB)",32999,24999,4.1,1127,83,12.0,256.0,6.78,2MP + 2MP,INFINIX
"OnePlus Nord CE 3 Lite 5G (Chromatic Gray, 128 GB)",19999,16849,4.4,103027 ,"5,483",8.0,128.0,6.72,108MP ,ONEPLUS
KARBONN K531 Dual Sim Keypad Phone|1750 mAh Battery|0.3MP Camera|Expandable Upto 32 GB,1790,1256,3.9,1554,111,0.032,0.032,2.4,3MP ,KARBONN
"SAMSUNG Galaxy M34 5G without charger (Prism Silver, 128 GB)",24499,14990,4.2,3903,274,6.0,128.0,6.5,50MP ,SAMSUNG
Kechaoda K115,1499,1060,4.1,35912,"2,497",0.032,0.032,1.44,3MP + 0MP,KECHAODA
"vivo Y02 (Sunset Gold, 32 GB)",12999,7890,4.2,1352,58,3.0,32.0,6.51,8MP ,VIVO
"REDMI Note 13 Pro 5G (Arctic White, 128 GB)",28999,21879,4.3,17216,"1,527",8.0,128.0,6.67,8MP + 2MP,REDMI
"REDMI Note 13 Pro 5G (Arctic White, 256 GB)",32999,25165,4.2,2572,228,12.0,256.0,6.67,8MP + 2MP,REDMI
"realme GT 6T 5G (Miracle Purple, 256 GB)",35999,30499,4.4,586,36,8.0,256.0,6.78,50MP ,REALME
"realme GT 6T 5G (Miracle Purple, 256 GB)",37999,33999,4.5,191,16,12.0,256.0,6.78,50MP ,REALME
"Infinix Zero 30 5G (Golden Hour, 256 GB)",27999,23999,4.2,3825,538,8.0,256.0,6.78,13MP + 2MP,INFINIX
itel it2165s,1349,949,3.6,26,4,0.004,0.004,2.0,3MP ,ITEL
"realme NARZO 70 5G (FOREST GREEN, 128 GB)",20999,15913,4.2,406,19,8.0,128.0,6.67,50MP ,REALME
LAVA A1 Vibe DS Keypad Phone|1000 mAh Battery|0.3MP |Expandable Upto 32 GB,1499,1060,4.1,117,5,0.032,0.024,1.77,3MP ,LAVA
"SAMSUNG Galaxy A54 5G (Awesome Lime, 256 GB)",45999,37499,4.3,3377,316,8.0,256.0,6.4,50MP + 12MP,SAMSUNG
"REDMI A2 (Aqua Blue, 64 GB)",10999,6999,4.2,22762,"1,248",4.0,64.0,6.52,8MP ,REDMI
"Motorola e13 (Cosmic Black, 64 GB)",9999,5999,4.0,11450,912,2.0,64.0,6.5,13MP ,MOTOROLA
itel Power 120 | 2 inch Big Display | 2500 mAh Battery | Kingvoice,1559,1289,4.1,130,6,0.004,0.004,2.0,3MP + 0MP,ITEL
"REDMI 13C (Starfrost White, 128 GB)",11999,8399,4.2,33547,"1,414",4.0,128.0,6.74,50MP ,REDMI
"realme 13 Pro 5G (Monet Purple, 128 GB)",28999,26999,4.1,54,2,8.0,128.0,6.7,50MP + 8MP,REALME
"realme 13 Pro 5G (Monet Purple, 256 GB)",30999,28999,4.1,54,2,8.0,256.0,6.7,50MP + 8MP,REALME
"realme 13 Pro 5G (Monet Purple, 512 GB)",34999,31999,3.5,4,1,12.0,512.0,6.7,50MP + 8MP,REALME
"Motorola Edge 50 Ultra 5G (Nordic Wood, 512 GB)",64999,54999,4.3,810,91,12.0,512.0,6.7,50MP + 50MP,MOTOROLA
"SAMSUNG Galaxy A35 5G (Awesome Iceblue, 128 GB)",,33999,4.3,524,35,8.0,128.0,6.6,50MP + 8MP,SAMSUNG
"SAMSUNG Galaxy A35 5G (Awesome Iceblue, 256 GB)",,36999,4.3,524,35,8.0,256.0,6.6,50MP + 8MP,SAMSUNG
"vivo V30 5G (Peacock Green, 128 GB)",38999,31999,4.5,5560,489,8.0,128.0,6.78,50MP + 50MP,VIVO
"vivo V30 5G (Peacock Green, 256 GB)",40999,33999,4.5,5560,489,8.0,256.0,6.78,50MP + 50MP,VIVO
"vivo V30 5G (Peacock Green, 256 GB)",42999,35999,4.5,892,86,12.0,256.0,6.78,50MP + 50MP,VIVO
"realme 12x 5G (Woodland Green, 128 GB)",17999,13499,4.4,39284,"1,826",6.0,128.0,6.72,50MP + 2MP,REALME
"vivo Y21T (Pearl White, 128 GB)",19990,15499,4.4,1963,120,4.0,128.0,6.58,50MP + 2MP,VIVO
"SAMSUNG Galaxy A35 5G (Awesome Lilac, 128 GB)",,33999,4.3,524,35,8.0,128.0,6.6,50MP + 8MP,SAMSUNG
KARBONN K110i Dual Sim Keypad Phone|1000 mAh Battery|Expandable Storage Up to 32GB,1240,930,3.6,652,52,,,1.8,,KARBONN
"SAMSUNG M15 5G (Celestrial Blue, 128 GB)",15999,12999,4.5,26,1,4.0,128.0,6.5,50MP ,SAMSUNG
"OnePlus Nord CE3 5G (Aqua Surge, 128 GB)",26999,20980,4.4,9578,793,8.0,128.0,6.7,50MP ,ONEPLUS
"OnePlus 11R 5G (Red, Solar Red, 128 GB)",39999,32240,4.5,8230,623,8.0,128.0,6.7,50MP ,ONEPLUS
"OnePlus Open (Emerald Dusk, 512 GB)",149999,124990,4.5,41,3,16.0,512.0,7.82,64MP ,ONEPLUS
"POCO X6 Neo 5G (Martian Orange, 256 GB)",21999,15999,4.1,6195,405,12.0,256.0,6.67,108MP + 2MP,POCO
"POCO X6 Neo 5G (Martian Orange, 128 GB)",19999,14999,4.2,9153,776,8.0,128.0,6.67,108MP + 2MP,POCO
Nokia 105 DS,1499,1099,4.1,18659,"1,818",0.004,0.004,1.4,,NOKIA
"SAMSUNG Galaxy F34 5G (Mystic Green, 128 GB)",25999,14999,4.2,10459,801,8.0,128.0,6.5,8MP + 2MP,SAMSUNG
"SAMSUNG Galaxy F34 5G (Mystic Green, 128 GB)",24499,12999,4.2,41868,"3,156",6.0,128.0,6.5,8MP + 2MP,SAMSUNG
BlackZone ECO X,2199,1569,4.0,8544,523,0.032,0.032,1.77,3MP ,BLACKZONE
"SAMSUNG Galaxy A23 5G (Orange, 128 GB)",28990,21999,4.1,2616,174,6.0,128.0,6.6,50MP + 5MP,SAMSUNG
"realme Narzo N55 (Prime Black, 64 GB)",12999,11490,4.3,2833,158,4.0,64.0,6.72,64MP ,REALME
"Motorola G34 5G (Ocean Green, 128 GB)",14999,11999,4.2,111874 ,"7,748",8.0,128.0,6.5,50MP + 2MP,MOTOROLA
"Motorola G34 5G (Ocean Green, 128 GB)",13999,10999,4.2,41028,"3,099",4.0,128.0,6.5,50MP + 2MP,MOTOROLA
"Motorola G85 5G (Olive Green, 128 GB)",20999,17999,4.5,9300,537,8.0,128.0,6.67,50MP + 8MP,MOTOROLA
itel MagicX Play 4G| 1900 mAh battery| Expandable Storage upto 64GB,2699,1890,3.9,856,89,0.048,0.128,1.8,3MP ,ITEL
"vivo T3 Lite 5G (Majestic Black, 128 GB)",14499,10499,4.4,6383,161,4.0,128.0,6.56,50MP + 2MP,VIVO
"vivo T3 Lite 5G (Majestic Black, 128 GB)",15499,11499,4.4,8592,306,6.0,128.0,6.56,50MP + 2MP,VIVO
"OnePlus Nord CE4 lite 5G (ULTRA ORANGE, 128 GB)",20999,20398,4.3,1148,37,8.0,128.0,6.67,50MP ,ONEPLUS
"vivo V30 5G (Classic Black, 256 GB)",42999,35999,4.5,892,86,12.0,256.0,6.78,50MP + 50MP,VIVO
"vivo V30 5G (Classic Black, 128 GB)",38999,31999,4.5,5560,489,8.0,128.0,6.78,50MP + 50MP,VIVO
"vivo V30 5G (Classic Black, 256 GB)",40999,33999,4.5,5560,489,8.0,256.0,6.78,50MP + 50MP,VIVO
"SAMSUNG Galaxy M35 5G (DayBreak Blue, 128 GB)",24499,18979,4.5,17,0,6.0,128.0,6.6,50MP ,SAMSUNG
"Google Pixel 7a (Charcoal, 128 GB)",43999,37999,4.1,19849,"2,094",8.0,128.0,6.1,13MP | 13MP  ,GOOGLE
"LAVA Blaze Pro 5G with Dual Sim|50MP |5000 mAh Battery|Expandable Upto 1TB (Radiant Pearl, ...",14999,12160,4.2,569,77,8.0,128.0,6.78,50MP ,LAVA
"Motorola e13 (Cosmic Black, 128 GB)",10999,7999,4.1,34669,"2,037",8.0,128.0,6.5,13MP ,MOTOROLA
"Motorola g64 5G (Mint Green, 256 GB)",19999,16999,4.2,12943,784,12.0,256.0,6.5,8MP | 16MP  ,MOTOROLA
"Google Pixel 8 (Obsidian, 128 GB)",75999,61999,4.2,2510,344,8.0,128.0,6.2,50MP + 12MP,GOOGLE
"realme NARZO 70X 5G (ICE BLUE, 128 GB)",17999,12773,4.2,1341,56,6.0,128.0,6.72,50MP ,REALME
"realme NARZO 70X 5G (ICE BLUE, 128 GB)",17999,12776,4.2,1341,56,6.0,128.0,6.72,50MP ,REALME
"IQOO Z9 Lite 5G (Mocha Brown, 128 GB)",14499,11078,4.7,7,0,4.0,128.0,6.56,50MP ,IQOO
"SAMSUNG Galaxy F15 5G (Ash Black, 128 GB)",16999,14499,4.2,20822,"1,736",6.0,128.0,6.5,50MP + 5MP,SAMSUNG
"SAMSUNG Galaxy F15 5G (Ash Black, 128 GB)",15999,12999,4.2,8156,700,4.0,128.0,6.5,50MP + 5MP,SAMSUNG
"SAMSUNG Galaxy F15 5G (Ash Black, 128 GB)",17999,15999,4.2,2701,118,8.0,128.0,6.5,50MP + 5MP,SAMSUNG
"vivo Y02 (Cosmic Grey, 32 GB)",12999,8150,4.2,1352,58,3.0,32.0,6.51,8MP ,VIVO
"REDMI 13 5G (Hawaiian Blue, 128 GB)",17999,13775,4.3,160,5,6.0,128.0,6.79,108MP ,REDMI
"realme P1 Pro 5G (Phoenix Red, 256 GB)",25999,20999,4.4,11653,755,8.0,256.0,6.7,50MP + 8MP,REALME
"realme P1 Pro 5G (Phoenix Red, 128 GB)",24999,19999,4.4,11653,755,8.0,128.0,6.7,50MP + 8MP,REALME
"realme P1 Pro 5G (Phoenix Red, 256 GB)",26999,21999,4.4,491,25,12.0,256.0,6.7,50MP + 8MP,REALME
"REDMI Note 12 5G (Frosted Green, 256 GB)",23999,16499,4.1,5326,416,8.0,256.0,6.67,48MP + 8MP,REDMI
"realme 12 Pro 5G (Navigator Beige, 256 GB)",33999,24999,4.4,6088,347,12.0,256.0,6.7,50MP + 8MP,REALME
"realme 12 Pro 5G (Navigator Beige, 256 GB)",31999,26999,4.4,21385,"2,118",8.0,256.0,6.7,50MP + 8MP,REALME
"Motorola G34 5G (Charcoal Black, 128 GB)",14999,11999,4.2,111874 ,"7,748",8.0,128.0,6.5,50MP + 2MP,MOTOROLA
"Motorola G34 5G (Charcoal Black, 128 GB)",13999,10999,4.2,41028,"3,099",4.0,128.0,6.5,50MP + 2MP,MOTOROLA
"LAVA Yuva 3 with Dual Sim|5000 mAh Battery|13MP  |Expandable Upto 512 GB (Eclipse Black, 64...",, ,4.1,203,12,4.0,64.0,6.5,13MP ,LAVA
"Apple iPhone 14 (Starlight, 128 GB)",69600,59999,4.6,299906 ,"11,619",,128.0,6.1,12MP + 12MP,APPLE
"itel P55 5G |50MP Dual |5000mAh Battery|Expandable Upto 1 TB (Galaxy Blue, 64 GB)",12999,9199,4.2,937,63,4.0,64.0,6.6,50MP ,ITEL
"Motorola G32 (Mineral Gray, 128 GB)",18999,10999,4.2,122316 ,"9,914",8.0,128.0,6.5,50MP + 8MP,MOTOROLA
"OPPO K12x 5G with 45W SUPERVOOC Charger In-The-Box (Breeze Blue, 256 GB)",18999,15999,4.4,86,2,8.0,256.0,6.67,32MP + 2MP,OPPO
"SAMSUNG Galaxy S23 FE (Mint, 128 GB)",79999,39999,4.3,11290,757,8.0,128.0,6.4,50MP + 12MP,SAMSUNG
"SAMSUNG Galaxy S23 FE (Mint, 256 GB)",84999,44999,4.3,11290,757,8.0,256.0,6.4,50MP + 12MP,SAMSUNG
"OnePlus Nord 3 5G (Misty Green, 128 GB)",33999,21229,4.3,11600,960,8.0,128.0,6.74,50MP ,ONEPLUS
"OnePlus Nord 3 5G (Misty Green, 128 GB)",33999,21402,4.3,11600,960,8.0,128.0,6.74,50MP ,ONEPLUS
"realme GT 6 (Razor Green, 256 GB)",46999,42999,4.5,188,19,12.0,256.0,6.78,50MP + 8MP,REALME
"realme GT 6 (Razor Green, 512 GB)",51999,44999,4.5,790,83,16.0,512.0,6.78,50MP + 8MP,REALME
"realme GT 6 (Razor Green, 256 GB)",43999,40999,4.5,554,59,8.0,256.0,6.78,50MP + 8MP,REALME
"Motorola g64 5G (Mint Green, 128 GB)",17999,14999,4.2,21285,"1,155",8.0,128.0,6.5,8MP | 16MP  ,MOTOROLA
"Infinix Zero 30 5G (Fantasy Purple, 256 GB)",27999,23999,4.2,3825,538,8.0,256.0,6.78,13MP + 2MP,INFINIX
"realme 12 Pro 5G (Submarine Blue, 256 GB)",33999,24999,4.4,6088,347,12.0,256.0,6.7,50MP + 8MP,REALME
"realme 12 Pro 5G (Submarine Blue, 256 GB)",31999,26999,4.4,21385,"2,118",8.0,256.0,6.7,50MP + 8MP,REALME
"POCO M6 5G (Orion Blue, 256 GB)",15999,11499,4.2,14776,763,8.0,256.0,6.74,50MP ,POCO
"POCO M6 5G (Orion Blue, 128 GB)",13999,9999,4.3,24035,"1,277",6.0,128.0,6.74,50MP ,POCO
"POCO M6 5G (Orion Blue, 64 GB)",11999,8799,4.1,36045,"1,982",4.0,64.0,6.74,50MP ,POCO
"POCO M6 5G (Orion Blue, 128 GB)",12999,9249,4.1,36045,"1,982",4.0,128.0,6.74,50MP ,POCO
"Apple iPhone 14 Plus (Starlight, 128 GB)",79600,56499,4.6,76953,"4,312",,128.0,6.7,12MP + 12MP,APPLE
"Xiaomi 14 CIVI (Matcha Green, 256 GB)",54999,42999,4.2,570,87,8.0,256.0,6.55,50MP ,XIAOMI
"Xiaomi 14 CIVI (Matcha Green, 512 GB)",59999,47999,4.3,212,24,12.0,512.0,6.55,50MP ,XIAOMI
"Tecno Spark 10 5G (Meta Black, 128 GB)",15999,13999,4.0,270,17,8.0,128.0,6.6,50MP ,TECNO
"IQOO Z9X (Tornado Green, 128 GB)",19999,15916,4.4,392,8,8.0,128.0,6.72,50MP ,IQOO
"vivo V30 5G (Andaman Blue, 128 GB)",38999,31999,4.5,5560,489,8.0,128.0,6.78,50MP + 50MP,VIVO
"vivo V30 5G (Andaman Blue, 256 GB)",40999,33999,4.5,5560,489,8.0,256.0,6.78,50MP + 50MP,VIVO
"vivo V30 5G (Andaman Blue, 256 GB)",42999,37499,4.5,892,86,12.0,256.0,6.78,50MP + 50MP,VIVO
"Motorola g64 5G (Ice Lilac, 128 GB)",17999,14999,4.2,21285,"1,155",8.0,128.0,6.5,8MP | 16MP  ,MOTOROLA
"OnePlus 10 Pro 5G (Emerald Forest, 128 GB)",66999,41300,4.2,663,41,8.0,128.0,6.7,48MP ,ONEPLUS
"realme GT 6 (Fluid Silver, 256 GB)",43999,40999,4.5,554,59,8.0,256.0,6.78,50MP + 8MP,REALME
itel SG200 Keypad Phone with 1200mAh Battery 1.3 MP Camera 1.8 inch Display UPI Pay,1599,1265,4.0,100,4,0.004,0.004,2.4,3MP ,ITEL
Micromax S213,1699,1260,3.9,275,5,0.032,0.032,2.4,08MP ,MICROMAX
"OnePlus Nord CE 3 Lite 5G (Pastel Lime, 128 GB)",19999,16898,4.4,103027 ,"5,483",8.0,128.0,6.72,108MP ,ONEPLUS
MOTOROLA A50V Dual Sim Keypad Phone|1750 mAh Battery|1.8inch Display|Expandable Upto 32GB,1699,1429,4.2,12,0,0.004,0.05,1.8,,MOTOROLA
"Tecno Pova 6 Pro (Comet Green, 256 GB)",24999,21999,4.2,132,5,12.0,256.0,6.78,108MP ,TECNO
"Nokia 150 Dual Sim Keypad Phone, , Long Lasting Battery Life and FM Radio",3199,2656,3.7,1027,69,0.004,0.004,2.4,3MP ,NOKIA
"Nokia 150 Dual Sim Keypad Phone, , Long Lasting Battery Life and FM Radio",3199,2999,3.7,1036,69,0.004,0.004,2.4,3MP ,NOKIA
"vivo T2x 5G (Marine Blue, 128 GB)",18999,12999,4.4,429459 ,"23,258",6.0,128.0,6.58,50MP + 2MP,VIVO
"vivo T2x 5G (Marine Blue, 128 GB)",20999,14999,4.3,73739,"4,285",8.0,128.0,6.58,50MP + 2MP,VIVO
"REDMI 12 (Moonstone Silver, 128 GB)",15999,9999,4.2,50004,"3,325",6.0,128.0,6.79,50MP + 8MP,REDMI
"REDMI Note 13 5G (Chromatic Purple, 256 GB)",22999,18999,4.1,5620,322,8.0,256.0,6.67,108MP + 2MP,REDMI
"REDMI Note 13 5G (Chromatic Purple, 256 GB)",24999,20999,4.1,2107,130,12.0,256.0,6.67,108MP + 2MP,REDMI
"POCO C61 (Mystical Green, 64 GB)",8999,6499,4.2,13131,408,4.0,64.0,6.71,8MP ,POCO
"POCO C61 (Mystical Green, 128 GB)",9999,8499,4.2,7937,240,6.0,128.0,6.71,8MP ,POCO
"vivo T3x 5G (Celestial Green, 128 GB)",18999,14999,4.5,40532,"1,276",6.0,128.0,6.72,50MP + 2MP,VIVO
"vivo T3x 5G (Celestial Green, 128 GB)",17499,13499,4.5,12939,406,4.0,128.0,6.72,50MP + 2MP,VIVO
"vivo T3x 5G (Celestial Green, 128 GB)",20499,16499,4.4,9075,425,8.0,128.0,6.72,50MP + 2MP,VIVO
"SAMSUNG Galaxy A15 5G (Blue Black, 128 GB)",21499,19185,4.2,1341,90,8.0,128.0,6.5,50MP + 5MP,SAMSUNG
"SAMSUNG Galaxy A15 5G (Blue Black, 128 GB)",21499,18699,4.2,1341,90,8.0,128.0,6.5,50MP + 5MP,SAMSUNG
"IQOO Z7 Pro 5G (Graphite Matte, 256 GB)",27999,23999,4.4,5576,342,8.0,256.0,6.78,64MP + 2MP,IQOO
"OPPO Reno8T 5G (Sunrise Gold, 128 GB)",,38999,4.3,17483,"1,462",8.0,128.0,6.7,108MP + 2MP,OPPO
"POCO F6 5G (Black, 512 GB)",37999,31999,4.2,1456,155,12.0,512.0,6.67,8MP | 20MP  ,POCO
"POCO F6 5G (Black, 256 GB)",35999,29999,4.2,1456,155,12.0,256.0,6.67,8MP | 20MP  ,POCO
"SAMSUNG Galaxy F14 5G (B.A.E. Purple, 128 GB)",18490,11990,4.2,118934 ,"8,467",6.0,128.0,6.6,50MP + 2MP,SAMSUNG
"Apple iPhone 15 (Green, 256 GB)",89600,75999,4.6,44793,"2,402",,256.0,6.1,48MP + 12MP,APPLE
"Nokia C22 (Charcoal, 64 GB)",8999,5999,3.6,327,5,2.0,64.0,6.5,13MP ,NOKIA
"OPPO A3 Pro 5G (Starry Black, 256 GB)",22999,19999,4.2,357,17,8.0,256.0,6.67,50MP + 2MP,OPPO
KARBONN K9 Yuva Keypad Mobile| 2500 mAh Battery|2MP Camera|Expandable Memory up to 32GB,1490,1175,3.8,1647,98,0.064,0.0,1.8,2MP ,KARBONN
"Motorola Edge 40 Neo (Soothing Sea, 128 GB)",27999,22999,4.3,54292,"5,738",8.0,128.0,6.55,50MP + 13MP,MOTOROLA
"Tecno Camon 20 (Serenity Blue, 256 GB)",17999,12999,4.2,450,34,8.0,256.0,6.67,64MP + 2MP,TECNO
"POCO X6 Pro 5G (Yellow, 256 GB)",30999,23999,4.3,9934,"1,278",8.0,256.0,6.67,64MP + 8MP,POCO
"POCO X6 Pro 5G (Yellow, 512 GB)",32999,25999,4.3,8881,"1,147",12.0,512.0,6.67,64MP + 8MP,POCO
"SAMSUNG Galaxy S24 5G (Cobalt Violet, 512 GB)",,89999,4.5,1055,135,8.0,512.0,6.2,50MP + 10MP,SAMSUNG
"LAVA Hero Glow DS Keypad Mobile, FM Radio, Call Recording,Expandable Upto 32 GB",1199,949,4.1,497,28,0.004,0.003,1.8,,LAVA
"vivo Y200e 5G (Saffron Delight, 128 GB)",23999,19999,4.2,267,13,6.0,128.0,6.67,50MP + 2MP,VIVO
"vivo Y200e 5G (Saffron Delight, 128 GB)",25999,20999,4.3,687,36,8.0,128.0,6.67,50MP + 2MP,VIVO
"realme C61 (Safari Green, 128 GB)",10999,8999,4.4,1046,27,6.0,128.0,6.745,32MP ,REALME
"realme C61 (Safari Green, 64 GB)",8999,7699,4.4,380,12,4.0,64.0,6.745,32MP ,REALME
"realme P1 5G (Peacock Green, 128 GB)",20999,15999,4.3,22564,"1,429",6.0,128.0,6.67,50MP + 2MP,REALME
"realme P1 5G (Peacock Green, 128 GB)",21999,16999,4.3,11376,641,8.0,128.0,6.67,50MP + 2MP,REALME
"realme P1 5G (Peacock Green, 256 GB)",22999,18999,4.3,11376,641,8.0,256.0,6.67,50MP + 2MP,REALME
"Tecno Pova 6 Pro 5G (Meteorite Grey, 256 GB)",22999,19999,4.3,225,10,8.0,256.0,6.78,108MP ,TECNO
"realme Narzo N63 4G (Leather Blue, 128 GB)",10999,8516,3.9,670,14,4.0,128.0,6.745,50MP ,REALME
"Infinix SMART 8 (Shiny Gold, 64 GB)",8999,7299,4.3,22640,"1,413",4.0,64.0,6.6,,INFINIX
"Infinix SMART 8 (Shiny Gold, 128 GB)",10999,7999,4.3,7947,469,8.0,128.0,6.6,,INFINIX
"LAVA A5 2023 Keypad Mobile, LED Torch, FM Radio,Call Recording, Expandable Upto 32 GB",1699,1209,4.2,65,3,0.032,0.024,2.4,3MP ,LAVA
"Infinix SMART 8 HD (Timber Black, 64 GB)",7999,6699,4.3,33838,"2,357",3.0,64.0,6.6,,INFINIX
"Infinix SMART 8 HD (Timber Black, 64 GB)",8999,6999,4.3,810,30,4.0,64.0,6.6,,INFINIX
"Infinix HOT 30 5G (Knight Black, 128 GB)",14999,12499,4.2,5382,479,4.0,128.0,6.78,,INFINIX
"Infinix HOT 30 5G (Knight Black, 128 GB)",16999,13499,4.2,30039,"2,570",8.0,128.0,6.78,,INFINIX
"vivo V29 5G (Blue, 256 GB)",,36999,4.5,2883,287,12.0,256.0,6.78,50MP + 8MP,VIVO
"vivo V29e 5G (Artistic Blue, 256 GB)",33999,27999,4.4,19649,"1,735",8.0,256.0,6.78,64MP + 8MP,VIVO
"OPPO A78 5G (Glowing Blue, 128 GB)",21999,17999,4.3,7444,471,8.0,128.0,6.56,50MP + 2MP,OPPO
"Nothing Phone (2) (White, 256 GB)",54999,34999,4.4,18097,"2,107",12.0,256.0,6.7,50MP | 32MP  ,NOTHING PHONE
"Motorola G85 5G (Cobalt Blue, 256 GB)",22999,19999,4.5,2723,144,12.0,256.0,6.67,50MP + 8MP,MOTOROLA
"Motorola G85 5G (Cobalt Blue, 128 GB)",20999,17999,4.5,9300,537,8.0,128.0,6.67,50MP + 8MP,MOTOROLA
"Motorola Edge 50 Fusion (Hot Pink, 256 GB)",27999,24999,4.5,23464,"1,659",12.0,256.0,6.7,50MP + 13MP,MOTOROLA
"Motorola Edge 50 Fusion (Hot Pink, 128 GB)",25999,22999,4.5,28449,"1,793",8.0,128.0,6.7,50MP + 13MP,MOTOROLA
itel it5330 | 2.8 inch Big Display | 1900 mAh Battery | Kingvoice,, ,4.0,2346,124,0.032,0.032,2.8,8MP + 0MP,ITEL
"POCO C65 (Matte Black, 128 GB)",10999,6999,4.3,39927,"2,123",4.0,128.0,6.74,2MP | 8MP  ,POCO
"POCO C65 (Matte Black, 128 GB)",11999,7499,4.2,12773,661,6.0,128.0,6.74,2MP | 8MP  ,POCO
"POCO C65 (Matte Black, 256 GB)",13499,9499,4.2,9651,528,8.0,256.0,6.74,2MP | 8MP  ,POCO
"SAMSUNG Galaxy Z Flip6 5G (Silver Shadow, 256 GB)",,109999,5.0,8,0,12.0,256.0,6.7,50MP + 12MP,SAMSUNG
"REDMI A3 (Midnight Black, 128 GB)",10999,7999,4.1,973,39,4.0,128.0,6.71,8MP ,REDMI
"REDMI A3 (Midnight Black, 128 GB)",11999,8243,4.0,606,35,6.0,128.0,6.71,8MP ,REDMI
"REDMI A3 (Midnight Black, 64 GB)",9999,7303,4.1,2254,94,3.0,64.0,6.71,8MP ,REDMI
"Infinix Note 40 5G (Obsidian Black, 256 GB)",24999,17999,4.1,836,94,8.0,256.0,6.78,108MP + 2MP,INFINIX
"Google Pixel 7a (Coral, 128 GB)",43999,35999,4.1,19849,"2,094",8.0,128.0,6.1,13MP | 13MP  ,GOOGLE
"Motorola e13 (Aurora Green, 64 GB)",10999,6999,4.1,103101 ,"7,793",4.0,64.0,6.5,13MP ,MOTOROLA
"IQOO z9x (Tornado Green, 128 GB)",19999,14900,4.3,1234,51,6.0,128.0,6.72,50MP + 2MP,IQOO
Jio PRIMA 4G,3499,3490,3.9,1012,55,0.5,4.0,2.4,3MP ,JIO
"OPPO A78 5G (Glowing Black, 128 GB)",21999,17999,4.3,7444,471,8.0,128.0,6.56,50MP + 2MP,OPPO
"REDMI 13C 5G (Startrail Green, 128 GB)",13999,10499,4.3,13312,441,4.0,128.0,6.74,50MP ,REDMI
"REDMI 13C 5G (Startrail Green, 128 GB)",15999,11999,4.2,9104,412,6.0,128.0,6.74,50MP ,REDMI
"OPPO A78 (Aqua Green, 128 GB)",22999,13899,4.3,917,57,8.0,128.0,6.43,50MP + 2MP,OPPO
"SAMSUNG Galaxy S23 5G (Green, 256 GB)",95999,53999,4.5,12169,"1,156",8.0,256.0,6.1,50MP + 10MP,SAMSUNG
"SAMSUNG Galaxy S23 5G (Green, 128 GB)",89999,48999,4.5,12169,"1,156",8.0,128.0,6.1,50MP + 10MP,SAMSUNG
"OPPO Reno 12 5G (Matte Brown, 256 GB)",43999,32999,4.5,71,2,8.0,256.0,6.7,50MP + 8MP,OPPO
"vivo V29e 5G (Artistic Red, 256 GB)",33999,30998,4.4,19649,"1,735",8.0,256.0,6.78,64MP + 8MP,VIVO
"vivo V29e 5G (Artistic Red, 128 GB)",31999,25999,4.4,19649,"1,735",8.0,128.0,6.78,64MP + 8MP,VIVO
"CMF by Nothing Phone 1 (Black, 128 GB)",21999,17999,4.3,2355,181,8.0,128.0,6.67,50MP + 2MP,CMF
"CMF by Nothing Phone 1 (Black, 128 GB)",19999,15999,4.4,8057,701,6.0,128.0,6.67,50MP + 2MP,CMF
"Nothing Phone (2a) 5G (Black, 256 GB)",29999,27999,4.4,6135,616,12.0,256.0,6.7,50MP | 32MP  ,NOTHING PHONE
"Nothing Phone (2a) 5G (Black, 256 GB)",27999,25999,4.4,40281,"4,089",8.0,256.0,6.7,50MP | 32MP  ,NOTHING PHONE
"Nothing Phone (2a) 5G (Black, 128 GB)",25999,23999,4.4,40281,"4,089",8.0,128.0,6.7,50MP | 32MP  ,NOTHING PHONE
"vivo T3 Lite 5G (Vibrant Green, 128 GB)",15499,11499,4.4,8592,306,6.0,128.0,6.56,50MP + 2MP,VIVO
"vivo T3 Lite 5G (Vibrant Green, 128 GB)",14499,10499,4.4,6383,161,4.0,128.0,6.56,50MP + 2MP,VIVO
itel Circle 1,1899,1348,4.1,605,24,32.0,32.0,1.32,3MP ,ITEL
"realme C53 (Champion Gold, 64 GB)",12999,10999,4.4,128743 ,"5,828",6.0,64.0,6.74,108MP + 2MP,REALME
"realme C53 (Champion Gold, 128 GB)",11999,9999,4.1,23923,"1,561",4.0,128.0,6.74,108MP + 2MP,REALME
"realme C53 (Champion Gold, 128 GB)",13999,11999,4.4,128743 ,"5,828",6.0,128.0,6.74,108MP + 2MP,REALME
"OnePlus 12R (Iron Gray, 256 GB)",42999,37557,4.5,4278,292,8.0,256.0,6.78,50MP ,ONEPLUS
"SAMSUNG Galaxy M04 (Light Green, 64 GB)",11999,8999,4.1,12308,682,4.0,64.0,6.5,13MP + 2MP,SAMSUNG
"REDMI 12 (Jade Black, 128 GB)",15999,9177,4.2,50004,"3,325",6.0,128.0,6.79,50MP + 8MP,REDMI
"REDMI 12 (Jade Black, 128 GB)",14999,9499,4.3,103667 ,"5,505",4.0,128.0,6.79,50MP + 8MP,REDMI
"REDMI 12 (Jade Black, 128 GB)",15999,9999,4.2,50004,"3,325",6.0,128.0,6.79,50MP + 8MP,REDMI
"Apple iPhone 15 (Black, 256 GB)",89600,75999,4.6,44793,"2,402",,256.0,6.1,48MP + 12MP,APPLE
"Apple iPhone 15 (Black, 512 GB)",109600,95999,4.6,44793,"2,402",,512.0,6.1,48MP + 12MP,APPLE
"REDMI A2+ (Classic Black, 64 GB)",11999,7999,4.1,3262,165,4.0,64.0,6.52,8MP ,REDMI
"MOTOROLA G04 (Sea Green, 64 GB)",9999,6999,4.2,13911,894,4.0,64.0,6.6,16MP ,MOTOROLA
"POCO M6 5G (Galactic Black, 128 GB)",12999,9249,4.1,36045,"1,982",4.0,128.0,6.74,50MP ,POCO
"realme Narzo N63 4G (Twilight Purple, 64 GB)",9999,7869,3.9,670,14,4.0,64.0,6.74,50MP ,REALME
"Google Pixel 7 (Snow, 128 GB)",59999,37999,4.3,15052,"1,784",8.0,128.0,6.3,50MP + 12MP,GOOGLE
"Motorola Edge 50 Fusion (Forest Blue, 256 GB)",27999,24999,4.5,23464,"1,659",12.0,256.0,6.7,50MP + 13MP,MOTOROLA
"Motorola Edge 50 Fusion (Forest Blue, 128 GB)",25999,22999,4.5,28449,"1,793",8.0,128.0,6.7,50MP + 13MP,MOTOROLA
"realme narzo 70 5G (Ice Blue, 128 GB)",19999,15970,4.3,399,25,6.0,128.0,6.67,50MP ,REALME
"Tecno Spark Go 2024 (Mystery White, 64 GB)",7999,7199,4.3,788,36,4.0,64.0,6.56,08MP | 8MP  ,TECNO
"OPPO Reno11 5G (Wave Green, 256 GB)",40999,29999,4.3,10212,980,8.0,256.0,6.7,50MP + 8MP,OPPO
"OPPO Reno11 5G (Wave Green, 128 GB)",38999,27999,4.3,10212,980,8.0,128.0,6.7,50MP + 8MP,OPPO
"realme 12 Pro+ 5G (Submarine Blue, 256 GB)",37999,33999,4.4,5815,643,12.0,256.0,6.7,50MP + 8MP,REALME
"realme 12 Pro+ 5G (Submarine Blue, 256 GB)",35999,31999,4.4,17356,"2,216",8.0,256.0,6.7,50MP + 8MP,REALME
"realme 12 Pro+ 5G (Submarine Blue, 128 GB)",34999,29999,4.4,17356,"2,216",8.0,128.0,6.7,50MP + 8MP,REALME
"SAMSUNG Galaxy S23 5G (Lavender, 256 GB)",95999,53999,4.5,12169,"1,156",8.0,256.0,6.1,50MP + 10MP,SAMSUNG
"REDMI 13C 5G (Starlight Black, 128 GB)",13999,10499,4.3,13312,441,4.0,128.0,6.74,50MP ,REDMI
"REDMI 13C 5G (Starlight Black, 256 GB)",17999,13999,4.2,4055,205,8.0,256.0,6.74,50MP ,REDMI
"REDMI 13C 5G (Starlight Black, 128 GB)",15999,11999,4.2,9104,412,6.0,128.0,6.74,50MP ,REDMI
"SAMSUNG Galaxy F04 (Opal Green, 64 GB)",11499,7999,4.2,110280 ,"6,189",4.0,64.0,6.5,13MP + 2MP,SAMSUNG
KARBONN K110i Dual Sim Keypad Phone|1000 mAh Battery|Expandable Storage Up to 32GB,1240,873,3.6,652,52,,,1.8,,KARBONN
"SAMSUNG Galaxy F14 5G (GOAT Green, 128 GB)",18490,11990,4.2,118934 ,"8,467",6.0,128.0,6.6,50MP + 2MP,SAMSUNG
"REDMI Note 13 5G (Arctic White, 256 GB)",22999,18999,4.1,5620,322,8.0,256.0,6.67,108MP + 2MP,REDMI
"realme 11 5G (Glory Gold, 128 GB)",20999,18999,4.3,70441,"5,445",8.0,128.0,6.72,108MP + 2MP,REALME
"Motorola Edge 50 Pro 5G with 68W Charger (Luxe Lavender, 256 GB)",36999,31999,4.4,22625,"1,986",8.0,256.0,6.7,50MP + 13MP,MOTOROLA
"Motorola Edge 50 Pro 5G with 125W Charger (Luxe Lavender, 256 GB)",41999,35999,4.4,8110,690,12.0,256.0,6.7,50MP + 13MP,MOTOROLA
"vivo T2x 5G (Black Gladiator, 128 GB)",,17999,4.4,180202 ,"9,268",4.0,128.0,6.58,50MP + 2MP,VIVO
"vivo T2x 5G (Black Gladiator, 128 GB)",,18999,4.4,429459 ,"23,258",6.0,128.0,6.58,50MP + 2MP,VIVO
"vivo T2x 5G (Black Gladiator, 128 GB)",20999,19990,4.3,73739,"4,285",8.0,128.0,6.58,50MP + 2MP,VIVO
"Tecno Spark 20C (Gravity Black, 128 GB)",10499,7999,4.2,74,3,8.0,128.0,6.6,50MP ,TECNO
"SAMSUNG Galaxy A15 5G (Blue, 128 GB)",21499,18699,4.2,1341,90,8.0,128.0,6.5,50MP + 5MP,SAMSUNG
"SAMSUNG Galaxy A15 5G (Blue, 256 GB)",24499,22499,4.2,1341,90,8.0,256.0,6.5,50MP + 5MP,SAMSUNG
"SAMSUNG Galaxy A15 5G (Blue, 256 GB)",24499,22190,4.2,1341,90,8.0,256.0,6.5,50MP + 5MP,SAMSUNG
KARBONN K531 Dual Sim Keypad Phone|1750 mAh Battery|0.3MP Camera|Expandable Upto 32 GB,1790,1254,3.9,1554,111,0.032,0.032,2.4,3MP ,KARBONN
"SAMSUNG Galaxy F13 (Sunrise Copper, 64 GB)",14999,9999,4.3,206219 ,"11,760",4.0,64.0,6.6,50MP + 5MP,SAMSUNG
"Nokia 105 Single SIM, Keypad Mobile Phone with Wireless FM Radio",1596,1299,4.1,107686 ,"6,681",0.032,0.032,1.77,0MP | 0MP  ,NOKIA
"vivo T3 5G (Cosmic Blue, 256 GB)",24999,21999,4.4,38065,"2,705",8.0,256.0,6.67,50MP + 2MP,VIVO
"vivo T3 5G (Cosmic Blue, 128 GB)",22999,19999,4.4,38065,"2,705",8.0,128.0,6.67,50MP + 2MP,VIVO
"SAMSUNG Galaxy F14 5G (B.A.E. Purple, 128 GB)",17490,10990,4.2,45538,"2,989",4.0,128.0,6.6,50MP + 2MP,SAMSUNG
"vivo T2 Pro 5G (New Moon Black, 256 GB)",27999,23999,4.5,110545 ,"8,528",8.0,256.0,6.78,64MP + 2MP,VIVO
"vivo T2 Pro 5G (New Moon Black, 128 GB)",26999,22999,4.5,110545 ,"8,528",8.0,128.0,6.78,64MP + 2MP,VIVO
itel it5027,1499,1169,4.0,583,38,0.004,0.004,2.4,3MP + 0MP,ITEL
"SAMSUNG Galaxy A55 5G (Awesome Navy, 256 GB)",,45999,4.5,136,12,8.0,256.0,6.6,50MP + 12MP,SAMSUNG
"POCO C65 (Pastel Green, 128 GB)",10999,6999,4.3,39927,"2,123",4.0,128.0,6.74,2MP | 8MP  ,POCO
"POCO C65 (Pastel Green, 256 GB)",13499,9499,4.2,9651,528,8.0,256.0,6.74,2MP | 8MP  ,POCO
"POCO C65 (Pastel Green, 128 GB)",11999,7499,4.2,12773,661,6.0,128.0,6.74,2MP | 8MP  ,POCO
"SAMSUNG Galaxy Z Flip6 5G (Blue, 256 GB)",,109999,5.0,8,0,12.0,256.0,6.7,50MP + 12MP,SAMSUNG
"Infinix SMART 8 (Timber Black, 128 GB)",10999,7999,4.3,7947,469,8.0,128.0,6.6,,INFINIX
"Infinix SMART 8 (Timber Black, 64 GB)",8999,7299,4.3,22640,"1,413",4.0,64.0,6.6,,INFINIX
"vivo X100 Pro (Asteroid Black, 512 GB)",96999,89999,4.7,588,162,16.0,512.0,6.78,50MP + 50MP,VIVO
"Apple iPhone 15 (Yellow, 128 GB)",79600,65999,4.6,44793,"2,402",,128.0,6.1,48MP + 12MP,APPLE
"realme 12 5G (Woodland Green, 128 GB)",19999,16999,4.4,6835,445,6.0,128.0,6.72,108MP + 2MP,REALME
"realme 12 5G (Woodland Green, 128 GB)",20999,17999,4.3,1899,107,8.0,128.0,6.72,108MP + 2MP,REALME
"SAMSUNG Galaxy A23 5G (Silver, 128 GB)",28990,21999,4.1,2616,174,6.0,128.0,6.6,50MP + 5MP,SAMSUNG
"SAMSUNG Galaxy A23 5G (Silver, 128 GB)",30990,23999,4.0,1203,63,8.0,128.0,6.6,50MP + 5MP,SAMSUNG
"IQOO Z9 5G (Graphene Blue, 128 GB)",24999,18927,4.4,1767,91,8.0,128.0,6.67,50MP ,IQOO
"POCO X5 5G (Wildcat Blue, 128 GB)",20999,13499,4.2,39452,"3,059",6.0,128.0,6.67,48MP + 8MP,POCO
"vivo Y27 (Garden Green, 128 GB)",18999,10999,4.2,2280,101,6.0,128.0,6.64,50MP + 2MP,VIVO
"POCO X6 5G (Skyline Blue, 256 GB)",26999,20999,4.3,3602,383,12.0,256.0,6.67,64MP + 8MP,POCO
"POCO X6 5G (Skyline Blue, 256 GB)",24999,18999,4.2,12632,"1,510",8.0,256.0,6.67,64MP + 8MP,POCO
KARBONN K9 Yodha??Dual Sim Keypad Mobile|1800 mAh Battery|Expandable Memory up to 32GB,1440,1250,3.7,295,11,0.064,0.0,1.8,2MP ,KARBONN
"Infinix Note 40 Pro+ 5G (Obsidian Black, 256 GB)",32999,24999,4.1,1127,83,12.0,256.0,6.78,2MP + 2MP,INFINIX
"Google Pixel 8 (Hazel, 128 GB)",75999,60999,4.2,2510,344,8.0,128.0,6.2,50MP + 12MP,GOOGLE
"Google Pixel 8 (Hazel, 256 GB)",82999,71999,4.2,2510,344,8.0,256.0,6.2,50MP + 12MP,GOOGLE
"Google Pixel 8a (Obsidian, 256 GB)",,59999,4.1,866,102,8.0,256.0,6.1,64MP + 13MP,GOOGLE
"realme 12+ 5G (Pioneer Green, 128 GB)",23999,20999,4.3,12174,"1,041",8.0,128.0,6.67,50MP + 8MP,REALME
"realme 12+ 5G (Pioneer Green, 256 GB)",25999,21999,4.3,12174,"1,041",8.0,256.0,6.67,50MP + 8MP,REALME
"REDMI 13c 5G (Starlight Black, 128 GB)",13999,10595,4.3,13312,441,4.0,128.0,6.74,50MP ,REDMI
"REDMI 13c 5G (Starlight Black, 128 GB)",13999,10425,4.3,13312,441,4.0,128.0,6.74,50MP ,REDMI
"OnePlus Open (Voyager Black, 512 GB)",149999,118949,4.5,41,3,16.0,512.0,7.82,64MP ,ONEPLUS
"Motorola g04s (Sea Green, 64 GB)",9999,6999,4.2,9349,517,4.0,64.0,6.6,50MP ,MOTOROLA
"Motorola Edge 40 Neo (Caneel Bay, 256 GB)",29999,24999,4.3,49132,"5,973",12.0,256.0,6.55,50MP + 13MP,MOTOROLA
"OPPO F25 Pro 5G (Lava Red, 128 GB)",28999,23999,4.3,3629,299,8.0,128.0,6.7,64MP + 8MP,OPPO
"OPPO F25 Pro 5G (Lava Red, 256 GB)",30999,25999,4.3,3629,299,8.0,256.0,6.7,64MP + 8MP,OPPO
"Infinix GT 20 Pro (Mecha Silver, 256 GB)",34999,25999,4.2,2127,143,12.0,256.0,6.78,2MP + 2MP,INFINIX
"Infinix GT 20 Pro (Mecha Silver, 256 GB)",31999,23999,4.3,2980,230,8.0,256.0,6.78,2MP + 2MP,INFINIX
"Nokia 105 Single SIM, Keypad Mobile Phone with Wireless FM Radio",1595,1299,4.1,107686 ,"6,681",0.032,0.032,1.77,0MP | 0MP  ,NOKIA
"Honor X9b (Sunrise Orange, 256 GB)",30999,22995,4.2,454,23,8.0,256.0,6.78,108MP + 5MP,HONOR
"itel P55T (Astral Black, 128 GB)",11999,7299,4.2,99,3,4.0,128.0,6.56,50MP ,ITEL
"Motorola Edge 50 Pro 5G with 68W Charger (Black Beauty, 256 GB)",36999,31999,4.4,22625,"1,986",8.0,256.0,6.7,50MP + 13MP,MOTOROLA
"Motorola Edge 50 Pro 5G with 125W Charger (Black Beauty, 256 GB)",41999,35999,4.4,8110,690,12.0,256.0,6.7,50MP + 13MP,MOTOROLA
"REDMI 13C (Stardust Black, 128 GB)",11999,9300,4.2,33547,"1,414",4.0,128.0,6.74,50MP ,REDMI
"REDMI 13C (Stardust Black, 128 GB)",11999,8760,4.2,33547,"1,414",4.0,128.0,6.74,50MP ,REDMI
"IQOO z9x (Storm Grey, 128 GB)",18999,14900,4.3,1234,51,6.0,128.0,6.72,50MP + 2MP,IQOO
"SAMSUNG Galaxy A23 5G (Light Blue, 128 GB)",30990,23999,4.0,1203,63,8.0,128.0,6.6,50MP + 5MP,SAMSUNG
"REDMI 12 (Pastel Blue, 128 GB)",15999,9999,4.2,50004,"3,325",6.0,128.0,6.79,50MP + 8MP,REDMI
"REDMI 12 (Pastel Blue, 128 GB)",14999,9499,4.3,103667 ,"5,505",4.0,128.0,6.79,50MP + 8MP,REDMI
MOTOROLA A10V DS Keypad Phone with Voice Feature|800 mAh Battery|Wireless FM Recording,1549,1279,4.1,1076,72,0.004,0.03,1.8,,MOTOROLA
"OnePlus N20 SE (CELESTIAL BLACK, 128 GB)",17999,10750,4.0,1005,41,4.0,128.0,6.56,50MP + 50MP,ONEPLUS
"Tecno Camon 30 5G (Uyuni Salt White, 256 GB)",27999,22999,4.2,23,1,8.0,256.0,6.78,50MP + 2MP,TECNO
Jio V2 Keypad Phone (UPI) Locked,1999,1199,3.6,1546,81,0.02,0.02,1.77,3MP ,JIO
"realme 12 5G (Twilight Purple, 128 GB)",19999,16999,4.4,6835,445,6.0,128.0,6.72,108MP + 2MP,REALME
"realme 12 5G (Twilight Purple, 128 GB)",20999,17999,4.3,1899,107,8.0,128.0,6.72,108MP + 2MP,REALME
"SAMSUNG Galaxy Z Fold6 5G (Navy, 256 GB)",,164999,4.2,22,2,12.0,256.0,7.6,50MP + 12MP,SAMSUNG
"REDMI 13c 5G (Startrail Green, 128 GB)",13999,10438,4.3,13312,441,4.0,128.0,6.74,50MP ,REDMI
"REDMI 13c 5G (Startrail Green, 256 GB)",17999,13680,4.2,4055,205,8.0,256.0,6.74,50MP ,REDMI
"Infinix HOT 30i (Marigold, 128 GB)",11999,9499,4.3,152825 ,"8,396",8.0,128.0,6.6,,INFINIX
"Infinix HOT 30i (Marigold, 64 GB)",9999,8399,4.2,28735,"1,597",4.0,64.0,6.6,,INFINIX
"Infinix SMART 8 (Galaxy White, 64 GB)",8999,7299,4.3,22640,"1,413",4.0,64.0,6.6,,INFINIX
"Infinix SMART 8 (Galaxy White, 128 GB)",10999,7999,4.3,7947,469,8.0,128.0,6.6,,INFINIX
"OPPO Reno8T 5G (Midnight Black, 128 GB)",,38999,4.3,17483,"1,462",8.0,128.0,6.7,108MP + 2MP,OPPO
"realme GT 6T 5G (Razor Green, 256 GB)",35999,29666,4.4,586,36,8.0,256.0,6.78,50MP ,REALME
"realme GT 6T 5G (Razor Green, 256 GB)",37999,33489,4.5,191,16,12.0,256.0,6.78,50MP ,REALME
"realme GT 6T 5G (Razor Green, 512 GB)",41999,38526,4.5,191,16,12.0,512.0,6.78,50MP ,REALME
"realme GT 6T 5G (Razor Green, 256 GB)",35999,29665,4.4,586,36,8.0,256.0,6.78,50MP ,REALME
"SAMSUNG Galaxy S21 FE 5G (Graphite, 128 GB)",74999,39999,4.3,144565 ,"13,819",8.0,128.0,6.4,12MP + 12MP,SAMSUNG
"Samsung Galaxy S21 FE 5G with Snapdragon 888 (Graphite, 128 GB)",69999,45999,4.3,144565 ,"13,819",8.0,128.0,6.4,12MP + 12MP,SAMSUNG
itel it5330 | 2.8 inch Big Display | 1900 mAh Battery | Kingvoice,1799,1438,4.0,2346,124,0.032,0.032,2.8,8MP + 0MP,ITEL
itel it5330 | 2.8 inch Big Display | 1900 mAh Battery | Kingvoice,1799,1440,4.0,2346,124,0.032,0.032,2.8,8MP + 0MP,ITEL
"OPPO A3 Pro 5G (Moonlight Purple, 128 GB)",20999,17999,4.2,357,17,8.0,128.0,6.67,50MP + 2MP,OPPO
"SAMSUNG Galaxy A05 (Silver, 64 GB)",12499,9999,4.3,42,2,4.0,64.0,6.74,50MP + 2MP,SAMSUNG
"MOTOROLA g24 Power (Glacier Blue, 128 GB)",11999,7999,4.2,12774,958,4.0,128.0,6.6,50MP + 2MP,MOTOROLA
"POCO M6 5G - Locked with Airtel Prepaid (Orion Blue, 128 GB)",12999,8249,4.1,36045,"1,982",4.0,128.0,6.74,50MP ,POCO
"POCO M6 Pro 5G (Power Black, 128 GB)",15999,11999,4.3,77158,"5,008",4.0,128.0,6.79,50MP + 2MP,POCO
"POCO M6 Pro 5G (Power Black, 128 GB)",16999,12999,4.2,119757 ,"7,369",6.0,128.0,6.79,50MP + 2MP,POCO
"REDMI 13C 5G (Startrail Silver, 128 GB)",13999,10499,4.3,13312,441,4.0,128.0,6.74,50MP ,REDMI
"REDMI 13C 5G (Startrail Silver, 128 GB)",15999,11999,4.2,9104,412,6.0,128.0,6.74,50MP ,REDMI
"OnePlus 11R 5G (Galactic Silver, 256 GB)",44999,38769,4.5,12951,871,16.0,256.0,6.7,50MP ,ONEPLUS
"OnePlus 11R 5G (Galactic Silver, 256 GB)",44999,35978,4.5,12951,871,16.0,256.0,6.7,50MP ,ONEPLUS
"SAMSUNG Galaxy A05 (Black, 64 GB)",12499,9999,4.3,42,2,4.0,64.0,6.74,50MP + 2MP,SAMSUNG
itel U30 keypad Mobile|1200 mAh battery|Expandable Storage Upto 32GB,1249,999,3.9,284,10,0.032,0.032,1.8,3MP + 0MP,ITEL
"Nokia C32 (Charcoal, 128 GB)",10999,7999,3.8,1341,115,4.0,128.0,6.517,50MP ,NOKIA
"Motorola Edge 40 Neo (Black Beauty, 256 GB)",29999,24999,4.3,49132,"5,973",12.0,256.0,6.55,50MP + 13MP,MOTOROLA
"Infinix Smart 8 Plus (Shiny Gold, 128 GB)",9999,7799,4.3,5161,312,4.0,128.0,6.6,,INFINIX
"REDMI 13 5G (Orchid Pink, 128 GB)",17999,13990,4.3,160,5,6.0,128.0,6.79,108MP ,REDMI
"POCO M6 5G (Polaris Green, 256 GB)",15999,11499,4.2,14776,763,8.0,256.0,6.74,50MP ,POCO
"POCO M6 5G (Polaris Green, 128 GB)",13999,9999,4.3,24035,"1,277",6.0,128.0,6.74,50MP ,POCO
"POCO M6 5G (Polaris Green, 64 GB)",11999,8799,4.1,36045,"1,982",4.0,64.0,6.74,50MP ,POCO
"Motorola g64 5G (Pearl Blue, 128 GB)",17999,14999,4.2,21285,"1,155",8.0,128.0,6.5,8MP | 16MP  ,MOTOROLA
"vivo T2x 5G (Aurora Gold, 128 GB)",18999,12999,4.4,429459 ,"23,258",6.0,128.0,6.58,50MP + 2MP,VIVO
"vivo T2x 5G (Aurora Gold, 128 GB)",20999,14999,4.3,73739,"4,285",8.0,128.0,6.58,50MP + 2MP,VIVO
"vivo T2x 5G (Aurora Gold, 128 GB)",17999,11999,4.4,180202 ,"9,268",4.0,128.0,6.58,50MP + 2MP,VIVO
"Motorola g64 5G (Pearl Blue, 256 GB)",19999,16999,4.2,12943,784,12.0,256.0,6.5,8MP | 16MP  ,MOTOROLA
"Infinix Note 30 5G (Magic Black, 256 GB)",19999,15999,4.2,99416,"10,445",8.0,256.0,6.78,,INFINIX
"Infinix Note 30 5G (Magic Black, 128 GB)",17999,14999,4.1,4464,456,4.0,128.0,6.78,,INFINIX
"Motorola g54 5G (Mint Green, 128 GB)",17999,14999,4.2,95759,"8,906",8.0,128.0,6.5,8MP | 16MP  ,MOTOROLA
I Kall K41-New with four sim support,2999,1841,4.0,180,8,0.032,0.032,2.4,3MP ,I KALL
"Motorola G34 5G (Ice Blue, 128 GB)",14999,11999,4.2,111874 ,"7,748",8.0,128.0,6.5,50MP + 2MP,MOTOROLA
"Motorola G34 5G (Ice Blue, 128 GB)",13999,10999,4.2,41028,"3,099",4.0,128.0,6.5,50MP + 2MP,MOTOROLA
"Nokia 110 4G Dual Sim, Keypad Mobile, Wireless FM Radio and ",3299,2650,4.1,576,26,0.032,0.032,1.77,08MP ,NOKIA
"OnePlus Nord CE4 lite 5G (MEGA BLUE, 128 GB)",19999,18908,4.3,1148,37,8.0,128.0,6.67,50MP ,ONEPLUS
"realme C63 (Jade Green, 128 GB)",10999,8999,4.4,823,35,4.0,128.0,6.745,50MP ,REALME
"OPPO Reno11 Pro 5G (Rock Grey, 256 GB)",44999,37999,4.3,3003,400,12.0,256.0,6.7,50MP + 8MP,OPPO
"OnePlus Nord CE4 (Celadon Marble, 256 GB)",26999,26517,4.5,10150,554,8.0,256.0,6.7,50MP ,ONEPLUS
"Apple iPhone 15 Plus (Pink, 128 GB)",89600,73999,4.6,7658,637,,128.0,6.7,48MP + 12MP,APPLE
"Apple iPhone 14 Plus (Blue, 128 GB)",79600,56499,4.6,76953,"4,312",,128.0,6.7,12MP + 12MP,APPLE
"Apple iPhone 14 Plus (Blue, 512 GB)",109600,86499,4.6,76953,"4,312",,512.0,6.7,12MP + 12MP,APPLE
Nokia 106,,1699,4.0,2074,116,0.032,0.032,6.7,,NOKIA
itel it5330 | 2.8 inch Big Display | 1900 mAh Battery | Kingvoice,1799,1436,4.0,2346,124,0.032,0.032,2.8,8MP + 0MP,ITEL
"POCO C55 (Power Black, 128 GB)",13999,10999,4.2,140711 ,"8,378",6.0,128.0,6.71,,POCO
"realme 12 Pro+ 5G (Explorer Red, 256 GB)",35999,31999,4.4,17356,"2,216",8.0,256.0,6.7,50MP + 8MP,REALME
"realme 12 Pro+ 5G (Explorer Red, 256 GB)",37999,33999,4.4,5815,643,12.0,256.0,6.7,50MP + 8MP,REALME
"Apple iPhone 14 (Purple, 128 GB)",69600,59999,4.6,299906 ,"11,619",,128.0,6.1,12MP + 12MP,APPLE
"itel A70 | 5000 mAh Battery |13MP Dual  | Type C Charging (Starlish Black, 64 GB)",7299,6417,4.2,1356,57,4.0,64.0,6.56,13MP ,ITEL
"POCO C65 (Pastel Blue, 128 GB)",10999,6999,4.3,39927,"2,123",4.0,128.0,6.74,2MP | 8MP  ,POCO
"POCO C65 (Pastel Blue, 128 GB)",11999,7499,4.2,12773,661,6.0,128.0,6.74,2MP | 8MP  ,POCO
"POCO C65 (Pastel Blue, 256 GB)",13499,9499,4.2,9651,528,8.0,256.0,6.74,2MP | 8MP  ,POCO
"realme Narzo 70 Pro 5G (Green, Glass Green, 128 GB)",24999,17732,4.3,2377,166,8.0,128.0,6.67,50MP ,REALME
"realme Narzo 70 Pro 5G (Green, Glass Green, 128 GB)",,24999,4.3,2377,166,8.0,128.0,6.67,50MP ,REALME
"IQOO Z9x (Tornado Green, 128 GB)",17999,13320,4.1,348,11,4.0,128.0,6.72,50MP ,IQOO
"Infinix Note 40 Pro 5G (Vintage Green, 256 GB)",27999,21999,4.0,8416,633,8.0,256.0,6.78,2MP + 2MP,INFINIX
"Motorola g04s (Concord Black, 64 GB)",9999,6999,4.2,9349,517,4.0,64.0,6.6,50MP ,MOTOROLA
"realme C30s (Stripe Blue, 64 GB)",11999,7999,4.2,7874,421,4.0,64.0,6.5,8MP ,REALME
"realme C30s (Stripe Blue, 32 GB)",9999,6999,4.4,7041,244,2.0,32.0,6.5,8MP ,REALME
"SAMSUNG Galaxy S23 FE (Graphite, 128 GB)",79999,39999,4.3,11290,757,8.0,128.0,6.4,50MP + 12MP,SAMSUNG
"SAMSUNG Galaxy S23 FE (Graphite, 256 GB)",84999,44999,4.3,11290,757,8.0,256.0,6.4,50MP + 12MP,SAMSUNG
"REDMI 12 5G (Jade Black, 256 GB)",19999,13999,4.2,23796,"1,419",8.0,256.0,6.79,50MP + 2MP,REDMI
"REDMI 12 5G (Jade Black, 128 GB)",15999,11999,4.3,10515,468,4.0,128.0,6.79,50MP + 2MP,REDMI
"OPPO A18 (Glowing Blue, 128 GB)",15999,9499,4.3,1445,70,4.0,128.0,6.56,8MP + 2MP,OPPO
"OPPO A18 (Glowing Blue, 64 GB)",14999,8999,4.3,1445,70,4.0,64.0,6.56,8MP + 2MP,OPPO
"Infinix HOT 30 5G (Miami Orange, 128 GB)",16999,13499,4.2,30039,"2,570",8.0,128.0,6.78,,INFINIX
"Infinix HOT 30 5G (Miami Orange, 128 GB)",14999,12499,4.2,5382,479,4.0,128.0,6.78,,INFINIX
"realme C51 (Mint Green, 64 GB)",10999,8999,4.3,87545,"3,668",4.0,64.0,6.74,08MP | 5MP  ,REALME
itel Magic X Pro 4G| 2500mAh Big Battery| Expandable Storage upto 64GB,3199,2953,3.9,12987,"1,233",0.064,0.128,2.4,3MP ,ITEL
"LAVA Hero Glow DS Keypad Mobile, FM Radio, Call Recording,Expandable Upto 32 GB",1199,895,4.1,497,28,0.004,0.003,1.8,,LAVA
"Tecno Spark Go 2023 (UYUNI BLUE, 64 GB)",8999,7652,4.0,463,20,3.0,64.0,6.56,13MP ,TECNO
"OnePlus Nord 3 5G (Tempest Gray, 128 GB)",33999,22814,4.3,11600,960,8.0,128.0,6.74,50MP ,ONEPLUS
"Infinix Note 30 5G (Interstellar Blue, 256 GB)",19999,15999,4.2,99416,"10,445",8.0,256.0,6.78,,INFINIX
"vivo Y58 5G (Sundarbans Green, 128 GB)",23999,19499,4.5,44,0,8.0,128.0,6.72,50MP + 2MP,VIVO
LAVA A1 Vibe DS Keypad Phone|1000 mAh Battery|0.3MP |Expandable Upto 32 GB,1499,1172,4.1,75,5,,0.024,1.77,3MP ,LAVA
"OnePlus Nord CE 3 Lite 5G (Pastel Lime, 256 GB)",21999,18249,4.4,103027 ,"5,483",8.0,256.0,6.72,108MP ,ONEPLUS
"CMF by Nothing Phone 1 (Light Green, 128 GB)",21999,17999,4.3,2355,181,8.0,128.0,6.67,50MP + 2MP,CMF
"CMF by Nothing Phone 1 (Light Green, 128 GB)",19999,15999,4.4,8057,701,6.0,128.0,6.67,50MP + 2MP,CMF
"realme 12x 5G (Woodland Green, 128 GB)",16999,11999,4.1,7725,454,4.0,128.0,6.72,50MP + 2MP,REALME
"Apple iPhone 15 (Pink, 128 GB)",79600,66499,4.6,44793,"2,402",,128.0,6.1,48MP + 12MP,APPLE
"SAMSUNG Galaxy A55 5G (Awesome Iceblue, 256 GB)",,48999,4.3,116,9,12.0,256.0,6.6,50MP + 12MP,SAMSUNG
"SAMSUNG Galaxy A55 5G (Awesome Iceblue, 256 GB)",,45999,4.5,136,12,8.0,256.0,6.6,50MP + 12MP,SAMSUNG
"Apple iPhone 14 Plus (Midnight, 128 GB)",79600,56499,4.6,76953,"4,312",,128.0,6.7,12MP + 12MP,APPLE
"Apple iPhone 14 Plus (Midnight, 512 GB)",109600,86499,4.6,76953,"4,312",,512.0,6.7,12MP + 12MP,APPLE
"SAMSUNG Galaxy A34 5G (Awesome Graphite, 256 GB)",39499,29499,4.3,6612,545,8.0,256.0,6.6,48MP + 8MP,SAMSUNG
"Nokia 2660 Flip 4G Volte Red keypad Mobile with Dual Sim & Screen, MP3 Player",5899,5049,4.0,468,23,0.04,125.0,2.8,3MP ,NOKIA
"Motorola g54 5G (Mint Green, 256 GB)",21999,16999,4.2,78868,"7,230",12.0,256.0,6.5,8MP | 16MP  ,MOTOROLA
"Infinix HOT 40i (Starfall Green, 256 GB)",10999,8999,4.1,12423,757,8.0,256.0,6.6,,INFINIX
"Nokia 105 Single SIM, Keypad Mobile Phone with Wireless FM Radio",1599,1350,4.1,107686 ,"6,681",0.032,0.032,1.77,0MP | 0MP  ,NOKIA
"Nokia 105 Single SIM, Keypad Mobile Phone with Wireless FM Radio",1597,1299,4.1,107686 ,"6,681",0.032,0.032,1.77,0MP | 0MP  ,NOKIA
"REDMI A3 (Olive Green, 128 GB)",10999,8190,4.1,973,39,4.0,128.0,6.71,8MP ,REDMI
"REDMI A3 (Olive Green, 64 GB)",9999,7165,4.1,2254,94,3.0,64.0,6.71,8MP ,REDMI
"REDMI A3 (Olive Green, 128 GB)",11999,8648,4.0,606,35,6.0,128.0,6.71,8MP ,REDMI
"REDMI A3 (Olive Green, 128 GB)",11999,8505,4.0,606,35,6.0,128.0,6.71,8MP ,REDMI
"realme NARZO N63 (Leather Blue, 64 GB)",9999,7827,4.4,193,6,4.0,64.0,6.74,50MP ,REALME
"Infinix HOT 40i (Palm Blue, 256 GB)",10999,8999,4.1,12423,757,8.0,256.0,6.6,,INFINIX
"SAMSUNG Galaxy M04 (Dark Blue, 64 GB)",11999,8999,4.1,12308,682,4.0,64.0,6.5,13MP + 13MP,SAMSUNG
"SAMSUNG Galaxy A35 5G (Awesome Navy, 256 GB)",,36999,4.3,524,35,8.0,256.0,6.6,50MP + 8MP,SAMSUNG
"SAMSUNG Galaxy A35 5G (Awesome Navy, 128 GB)",,33999,4.3,524,35,8.0,128.0,6.6,50MP + 8MP,SAMSUNG
"Apple iPhone 14 (Midnight, 128 GB)",69600,59999,4.6,299906 ,"11,619",,128.0,6.1,12MP + 12MP,APPLE
"Nokia 3310 Dual SIM Keypad Mobile with MP3 Player, FM Radio & ",4599,3898,3.9,31690,"3,167",,0.016,2.4,2MP ,NOKIA
"vivo V30 Pro 5G (Andaman Blue, 256 GB)",46999,41999,4.5,4179,580,8.0,256.0,6.78,50MP + 50MP,VIVO
"vivo V30 Pro 5G (Andaman Blue, 512 GB)",51999,46999,4.5,1544,194,12.0,512.0,6.78,50MP + 50MP,VIVO
"Motorola g54 5G (Midnight Blue, 256 GB)",21999,16999,4.2,78868,"7,230",12.0,256.0,6.5,8MP | 16MP  ,MOTOROLA
"Motorola Edge 50 Pro 5G with 125W Charger (Vanilla Cream, 256 GB)",41999,35999,4.4,8110,690,12.0,256.0,6.7,50MP + 13MP,MOTOROLA
"itel A70 | 5000 mAh Battery |13MP Dual  | Type C Charging (Azure Blue, 64 GB)",7299,6438,4.2,1356,57,4.0,64.0,6.56,13MP ,ITEL
"Apple iPhone 15 Plus (Black, 128 GB)",89600,73999,4.6,7658,637,,128.0,6.7,48MP + 12MP,APPLE
"OPPO A77 (Sunset Orange, 128 GB)",,19999,4.2,1238,75,4.0,128.0,6.56,50MP + 2MP,OPPO
"realme Narzo 70 Pro 5G (Glass Gold, 256 GB)",26999,17893,4.3,2377,166,8.0,256.0,6.67,50MP ,REALME
"realme Narzo 70 Pro 5G (Gold, Glass Gold, 128 GB)",24999,17194,4.3,2377,166,8.0,128.0,6.67,50MP ,REALME
"realme Narzo 70 Pro 5G (Gold, Glass Gold, 128 GB)",24999,17195,4.3,2377,166,8.0,128.0,6.67,50MP ,REALME
"realme Narzo 70 Pro 5G (Gold, Glass Gold, 128 GB)",24999,17399,4.3,2377,166,8.0,128.0,6.67,50MP ,REALME
"OPPO F23 5G (Cool Black, 256 GB)",28999,19700,4.2,1726,132,8.0,256.0,6.72,64MP + 2MP,OPPO
"realme NARZO 70X 5G (ICE BLUE, 128 GB)",16999,12750,4.0,163,6,4.0,128.0,6.72,50MP ,REALME
"REDMI 13 5G (Hawaiian Blue, 128 GB)",19999,14696,4.1,45,0,8.0,128.0,6.79,108MP ,REDMI
"realme C63 (Leather Blue, 128 GB)",10999,8999,4.4,823,35,4.0,128.0,6.745,50MP ,REALME
"Motorola g72 (Polar Blue, 128 GB)",21999,16999,4.1,21202,"2,591",6.0,128.0,6.55,108MP + 8MP,MOTOROLA
"realme Narzo N53 (Feather Gold, 128 GB)",12999,9870,4.2,4913,249,6.0,128.0,6.74,50MP ,REALME
"realme Narzo N65 5G (Deep Green, 128 GB)",13999,11999,4.4,140,3,4.0,128.0,6.67,50MP ,REALME
"OPPO Reno10 Pro+ 5G (Silvery Grey, 256 GB)",59999,54999,4.5,2321,419,12.0,256.0,6.74,50MP + 64MP,OPPO
"Infinix Smart 8 Plus (Galaxy White, 128 GB)",9999,7799,4.3,5161,312,4.0,128.0,6.6,,INFINIX
"Infinix Smart 8 Plus (Timber Black, 128 GB)",9999,7799,4.3,5161,312,4.0,128.0,6.6,,INFINIX
"Motorola g84 5G (Marshmallow Blue, 256 GB)",22999,18999,4.2,49183,"4,749",12.0,256.0,6.55,8MP | 16MP  ,MOTOROLA
"Apple iPhone 15 Plus (Green, 128 GB)",89600,73999,4.6,7658,637,,128.0,6.7,48MP + 12MP,APPLE
"OnePlus 11R 5G (Sonic Black, 128 GB)",39999,34973,4.5,8230,623,8.0,128.0,6.7,50MP ,ONEPLUS
"OnePlus 11R 5G (Sonic Black, 256 GB)",,44999,4.5,12951,871,16.0,256.0,6.7,50MP ,ONEPLUS
"OnePlus 11R 5G (Sonic Black, 128 GB)",39999,36990,4.5,8230,623,8.0,128.0,6.7,50MP ,ONEPLUS
"vivo T3 5G (Crystal Flake, 256 GB)",24999,21999,4.4,38065,"2,705",8.0,256.0,6.67,50MP + 2MP,VIVO
"vivo T3 5G (Crystal Flake, 128 GB)",22999,19999,4.4,38065,"2,705",8.0,128.0,6.67,50MP + 2MP,VIVO
"realme 12x 5G (Woodland Green, 128 GB)",18999,14999,4.4,5088,227,8.0,128.0,6.72,50MP + 2MP,REALME
"SAMSUNG Galaxy A14 5G (Dark Red, 128 GB)",22999,16499,4.1,3468,267,8.0,128.0,6.6,50MP + 2MP,SAMSUNG
itel Magic X Pro 4G| 2500mAh Big Battery| Expandable Storage upto 64GB,3199,2973,3.9,12987,"1,233",0.064,0.128,2.4,3MP ,ITEL
"OPPO Reno11 5G (Rock Grey, 128 GB)",38999,27999,4.3,10212,980,8.0,128.0,6.7,50MP + 8MP,OPPO
"OPPO Reno11 5G (Rock Grey, 256 GB)",40999,29999,4.3,10212,980,8.0,256.0,6.7,50MP + 8MP,OPPO
"SAMSUNG Galaxy M14 5G (Icy Silver, 128 GB)",18990,13999,4.2,24580,"1,539",6.0,128.0,6.6,50MP ,SAMSUNG
"SAMSUNG Galaxy M14 5G (Icy Silver, 128 GB)",18990,13594,4.2,24580,"1,539",6.0,128.0,6.6,50MP ,SAMSUNG
"SAMSUNG Galaxy M14 5G (ICY Silver, 128 GB)",17990,10730,4.2,6481,346,4.0,128.0,6.6,50MP ,SAMSUNG
"vivo T2 Pro 5G (Dune Gold, 256 GB)",27999,23999,4.5,110545 ,"8,528",8.0,256.0,6.78,64MP + 2MP,VIVO
"vivo T2 Pro 5G (Dune Gold, 128 GB)",26999,22999,4.5,110545 ,"8,528",8.0,128.0,6.78,64MP + 2MP,VIVO
"REDMI 13c 5G (Startrail Silver, 256 GB)",17999,13642,4.2,4055,205,8.0,256.0,6.74,50MP ,REDMI
"REDMI 13c 5G (Startrail Silver, 128 GB)",15999,11650,4.2,9104,412,6.0,128.0,6.74,50MP ,REDMI
"REDMI 13c 5G (Startrail Silver, 128 GB)",13999,10517,4.3,13312,441,4.0,128.0,6.74,50MP ,REDMI
"REDMI 13c 5G (Startrail Silver, 128 GB)",15999,11652,4.2,9104,412,6.0,128.0,6.74,50MP ,REDMI
"Motorola Edge 50 Fusion (Marshmallow Blue, 256 GB)",27999,24999,4.5,23464,"1,659",12.0,256.0,6.7,50MP + 13MP,MOTOROLA
"Motorola Edge 50 Fusion (Marshmallow Blue, 128 GB)",25999,22999,4.5,28449,"1,793",8.0,128.0,6.7,50MP + 13MP,MOTOROLA
"realme C53 (Champion Black, 64 GB)",12999,10999,4.4,128743 ,"5,828",6.0,64.0,6.74,108MP + 2MP,REALME
"realme C53 (Champion Black, 128 GB)",13999,11999,4.4,128743 ,"5,828",6.0,128.0,6.74,108MP + 2MP,REALME
Nokia 105 Classic without Charger,1249,999,4.0,2095,83,0.032,0.032,1.77,,NOKIA
"SAMSUNG Galaxy S24 Ultra 5G (Titanium Gray, 256 GB)",134999,129999,4.6,1896,244,12.0,256.0,6.8,200MP + 50MP,SAMSUNG
"vivo V29 Pro 5G (Blue, 256 GB)",,39999,4.5,5966,905,8.0,256.0,6.78,50MP + 12MP,VIVO
"vivo V29 5G (Blue, 128 GB)",,32999,4.5,9299,"1,032",8.0,128.0,6.78,50MP + 8MP,VIVO
"Motorola Edge 40 Neo (Peach Fuzz, 128 GB)",27999,22999,4.3,54292,"5,738",8.0,128.0,6.55,50MP + 13MP,MOTOROLA
LAVA Hero 600i Sapphire Blue,1199,839,4.0,1870,115,0.004,0.003,1.8,,LAVA
"realme P1 Pro 5G (Parrot Blue, 256 GB)",25999,20999,4.4,11653,755,8.0,256.0,6.7,50MP + 8MP,REALME
"realme P1 Pro 5G (Parrot Blue, 128 GB)",24999,19999,4.4,11653,755,8.0,128.0,6.7,50MP + 8MP,REALME
"realme P1 Pro 5G (Parrot Blue, 256 GB)",26999,21999,4.4,491,25,12.0,256.0,6.7,50MP + 8MP,REALME
"Samsung Galaxy S21 FE 5G with Snapdragon 888 (Navy, 128 GB)",69999,45999,4.3,144565 ,"13,819",8.0,128.0,6.4,12MP + 12MP,SAMSUNG
"Infinix HOT 30i (Mirror Black, 128 GB)",11999,9499,4.3,152825 ,"8,396",8.0,128.0,6.6,,INFINIX
"Infinix HOT 30i (Mirror Black, 64 GB)",9999,8399,4.2,28735,"1,597",4.0,64.0,6.6,,INFINIX
"SAMSUNG Galaxy S24+ 5G (Onyx Black, 256 GB)",,99999,4.5,147,18,12.0,256.0,6.7,50MP + 10MP,SAMSUNG
"vivo T2x 5G (Glimmer Black, 128 GB)",20999,14999,4.3,73739,"4,285",8.0,128.0,6.58,50MP + 2MP,VIVO
"vivo T2x 5G (Glimmer Black, 128 GB)",17999,14499,4.4,180202 ,"9,268",4.0,128.0,6.58,50MP + 2MP,VIVO
"realme C65 5G (Feather Green, 128 GB)",15999,12499,4.4,5520,176,6.0,128.0,6.67,50MP ,REALME
"realme C65 5G (Feather Green, 64 GB)",13999,10499,4.1,2007,85,4.0,64.0,6.67,50MP ,REALME
"realme C65 5G (Feather Green, 128 GB)",14999,11499,4.1,2007,85,4.0,128.0,6.67,50MP ,REALME
"REDMI Note 13 5G (Stealth Black, 256 GB)",24999,18865,4.1,2107,130,12.0,256.0,6.67,108MP ,REDMI
"REDMI Note 13 5G (Stealth Black, 256 GB)",24999,19945,4.1,2107,130,12.0,256.0,6.67,108MP + 2MP,REDMI
"REDMI Note 13 5G (Stealth Black, 256 GB)",22999,17580,4.1,5620,322,8.0,256.0,6.67,108MP ,REDMI
"REDMI Note 13 5G (Stealth Black, 128 GB)",, ,4.2,10801,650,6.0,128.0,6.67,108MP ,REDMI
"REDMI Note 13 5G (Stealth Black, 256 GB)",, ,4.1,2107,130,12.0,256.0,6.67,108MP ,REDMI
"vivo T2x 5G (Sunstone Orange, 128 GB)",17999,13678,4.4,180202 ,"9,268",4.0,128.0,6.58,50MP + 2MP,VIVO
"vivo T2x 5G (Sunstone Orange, 128 GB)",,18999,4.4,429459 ,"23,258",6.0,128.0,6.58,50MP + 2MP,VIVO
"Google Pixel 8 (Mint, 128 GB)",75999,61999,4.2,2510,344,8.0,128.0,6.2,50MP + 12MP,GOOGLE
"SAMSUNG Galaxy F04 (Jade Purple, 64 GB)",11499,7999,4.2,110280 ,"6,189",4.0,64.0,6.5,13MP + 2MP,SAMSUNG
"Apple iPhone 14 (Blue, 128 GB)",69600,59999,4.6,299906 ,"11,619",,128.0,6.1,12MP + 12MP,APPLE
"realme 13 Pro+ 5G (Emerald Green, 256 GB)",36999,32999,4.5,115,13,8.0,256.0,6.7,50MP + 8MP,REALME
"realme 13 Pro+ 5G (Emerald Green, 512 GB)",40999,36999,4.3,64,7,12.0,512.0,6.7,50MP + 8MP,REALME
"realme 13 Pro+ 5G (Emerald Green, 256 GB)",38999,34999,4.3,64,7,12.0,256.0,6.7,50MP + 8MP,REALME
"OPPO A59 5G (Silk Gold, 128 GB)",17999,13999,4.3,958,51,4.0,128.0,6.56,13MP + 2MP,OPPO
"OPPO A59 5G (Silk Gold, 128 GB)",19999,15499,4.3,2016,103,6.0,128.0,6.56,13MP + 2MP,OPPO
"OnePlus Nord CE 2 Lite 5G (Black Dusk, 128 GB)",19999,16698,4.4,161089 ,"10,803",6.0,128.0,6.59,64MP ,ONEPLUS
"IQOO Z9 Lite 5G (Mocha Brown, 128 GB)",15499,12185,4.1,10,0,6.0,128.0,6.56,50MP ,IQOO
"itel A23s (Sapphire Black, 32 GB)",5999,4799,3.6,1000,59,2.0,32.0,5.0,5MP + 0MP,ITEL
"itel S23 with Dual Sim| 50MP | 5000mAh Battery|Expandable Upto 1 TB (Sky Blue, 128 GB)",9500,7599,4.1,744,32,4.0,128.0,6.6,50MP ,ITEL
"SAMSUNG Galaxy A54 5G (Awesome Graphite, 256 GB)",45999,37499,4.3,3377,316,8.0,256.0,6.4,50MP + 12MP,SAMSUNG
"itel P55T (Astral Gold, 128 GB)",10999,7190,4.2,99,3,4.0,128.0,6.56,50MP ,ITEL
"vivo Y18e (Space Black, 64 GB)",11999,8689,4.1,442,13,4.0,64.0,6.56,08MP | 5MP  ,VIVO
"OnePlus Nord CE4 (Dark Chrome, 128 GB)",24999,23309,4.5,10150,554,8.0,128.0,6.7,50MP ,ONEPLUS
"Infinix GT 20 Pro (Mecha Orange, 256 GB)",34999,25999,4.2,2127,143,12.0,256.0,6.78,2MP + 2MP,INFINIX
"Apple iPhone 15 Plus (Blue, 128 GB)",89600,73999,4.6,7658,637,,128.0,6.7,48MP + 12MP,APPLE
"Infinix SMART 8 HD (Galaxy White, 64 GB)",7999,6699,4.3,33838,"2,357",3.0,64.0,6.6,,INFINIX
"SAMSUNG Galaxy M14 5G (ICY Silver, 128 GB)",17990,14990,4.2,6481,346,4.0,128.0,6.6,50MP + 50MP,SAMSUNG
"REDMI Note 13 Pro 5G (Midnight Black, 128 GB)",28999,21798,4.3,17216,"1,527",8.0,128.0,6.67,8MP + 2MP,REDMI
"REDMI Note 13 Pro 5G (Midnight Black, 256 GB)",32999,27999,4.2,2572,228,12.0,256.0,6.67,8MP + 2MP,REDMI
"REDMI Note 13 Pro 5G (Midnight Black, 128 GB)",28999,21918,4.3,17216,"1,527",8.0,128.0,6.67,8MP + 2MP,REDMI
"REDMI Note 13 Pro 5G (Midnight Black, 256 GB)",30999,26999,4.3,17216,"1,527",8.0,256.0,6.67,8MP + 2MP,REDMI
"REDMI Note 13 Pro 5G (Midnight Black, 128 GB)",28999,24999,4.3,17216,"1,527",8.0,128.0,6.67,8MP + 2MP,REDMI
"REDMI Note 13 Pro 5G (Midnight Black, 256 GB)",32999,25456,4.2,2572,228,12.0,256.0,6.67,8MP + 2MP,REDMI
"REDMI Note 13 Pro 5G (Midnight Black, 256 GB)",32999,25454,4.2,2572,228,12.0,256.0,6.67,8MP + 2MP,REDMI
"IQOO Z9 (Brushed Green, 128 GB)",24999,18747,4.3,739,46,8.0,128.0,6.78,50MP ,IQOO
"realme NARZO 70X 5G (FOREST GREEN, 128 GB)",17999,12872,4.2,1341,56,6.0,128.0,6.72,50MP ,REALME
"realme NARZO 70X 5G (FOREST GREEN, 128 GB)",16999,12300,4.0,163,6,4.0,128.0,6.72,50MP ,REALME
"realme NARZO 70X 5G (FOREST GREEN, 128 GB)",16999,12488,4.0,163,6,4.0,128.0,6.72,50MP ,REALME
"Tecno Spark Go 2024 (Magic Skin Green, 64 GB)",7999,7199,4.3,788,36,4.0,64.0,6.56,8MP | 8MP  ,TECNO
"REDMI Note 12 5G (Mystique Blue, 256 GB)",23999,18999,4.1,5326,416,8.0,256.0,6.67,48MP + 8MP,REDMI
"Tecno Pova 6 Pro 5G (Comet Green, 256 GB)",22999,19999,4.3,225,10,8.0,256.0,6.78,108MP ,TECNO
"Infinix HOT 30i (Diamond White, 128 GB)",11999,9499,4.3,152825 ,"8,396",8.0,128.0,6.6,,INFINIX
"Infinix HOT 30i (Diamond White, 64 GB)",9999,8399,4.2,28735,"1,597",4.0,64.0,6.6,,INFINIX
"POCO F4 5G (Night Black, 128 GB)",32999,27999,4.3,13598,"1,834",6.0,128.0,6.67,64MP + 8MP,POCO
itel Ace2 Keypad Mobile| 1000 mAh Battery|Expandable Storage 32GB,1199,896,4.0,5164,356,0.004,0.004,1.8,,ITEL
Nokia 105 Classic with Charger,1399,1299,4.0,922,49,0.032,0.032,1.77,,NOKIA
"Motorola G60 (Soft Silver, 128 GB)",21999,14999,4.1,78515,"7,700",6.0,128.0,6.78,108MP + 8MP,MOTOROLA
"Apple iPhone 13 (Green, 128 GB)",59600,52999,4.6,283227 ,"13,690",,128.0,6.1,12MP + 12MP,APPLE
Motorola a70,2399,1399,4.0,2488,224,,0.0,2.4,,MOTOROLA
LAVA A1 vibe,1499,1149,4.0,6104,452,0.032,0.024,1.77,3MP ,LAVA
"vivo X70 Pro+ (Enigma Black, 256 GB)",84990,48999,4.5,563,116,12.0,256.0,6.78,50MP + 48MP,VIVO
"Micromax IN Note 1 (Green, 128 GB)",16999,10999,4.1,50166,"8,284",4.0,128.0,6.67,48MP + 5MP,MICROMAX
Micromax X416,1435,918,4.0,905,71,0.032,0.032,1.77,3MP ,MICROMAX
"Apple iPhone 13 (Midnight, 128 GB)",59600,52999,4.6,283227 ,"13,690",,128.0,6.1,12MP + 12MP,APPLE
"Apple iPhone 13 (Starlight, 128 GB)",59600,52999,4.6,283227 ,"13,690",,128.0,6.1,12MP + 12MP,APPLE
"Apple iPhone 13 (Blue, 128 GB)",59600,52999,4.6,283227 ,"13,690",,128.0,6.1,12MP + 12MP,APPLE
"Apple iPhone 13 (Blue, 256 GB)",69600,59999,4.6,283227 ,"13,690",,256.0,6.1,12MP + 12MP,APPLE
"SAMSUNG Galaxy A03s (Black, 32 GB)",13499,11499,4.0,462,36,3.0,32.0,6.5,13MP + 2MP,SAMSUNG
Kechaoda K112,1999,1525,4.0,26939,"2,605",0.032,0.064,2.4,3MP + 0MP,KECHAODA
"Motorola G60 (Frosted Champagne, 128 GB)",21999,14999,4.1,78515,"7,700",6.0,128.0,6.78,108MP + 8MP,MOTOROLA
"Apple iPhone 12 (Blue, 128 GB)",54900,44999,4.6,210470 ,"13,889",,128.0,6.1,12MP + 12MP,APPLE
"Apple iPhone 12 (Black, 64 GB)",49900,38999,4.6,210470 ,"13,889",,64.0,6.1,12MP + 12MP,APPLE
"Apple iPhone 12 (Black, 256 GB)",64900,52999,4.6,210470 ,"13,889",,256.0,6.1,12MP + 12MP,APPLE
Kechaoda K33,1412,1064,4.0,9879,597,0.032,0.032,1.4,3MP + 0MP,KECHAODA
Kechaoda K28,1399,1260,4.0,4073,323,0.032,0.064,2.4,3MP ,KECHAODA
LAVA A3 vibe,1319,1212,4.2,21425,"2,247",,0.0,1.77,3MP ,LAVA
Kechaoda A26,1499,930,4.0,22244,"1,377",0.032,0.032,0.66,0MP | 0MP  ,KECHAODA
Kechaoda A26,1399,999,4.0,22244,"1,377",0.032,0.032,0.66,,KECHAODA
Kechaoda K115,1350,1069,4.1,35912,"2,497",0.032,0.032,1.44,3MP + 0MP,KECHAODA
Kechaoda A27,1499,967,4.0,11022,693,0.032,0.032,0.66,0MP | 0MP  ,KECHAODA
Kechaoda A27,1499,975,4.0,11022,693,0.032,0.032,0.66,,KECHAODA
Kechaoda A27,1499,930,4.0,11022,693,0.032,0.032,0.66,0MP | 0MP  ,KECHAODA
